Date,year,quarter,month,day,dateId
,,,,,1
2025-01-04,2025.0,1.0,1.0,4.0,2
2025-02-04,2025.0,1.0,2.0,4.0,3
2025-03-14,2025.0,1.0,3.0,14.0,4
2025-03-12,2025.0,1.0,3.0,12.0,5
2024-11-27,2024.0,4.0,11.0,27.0,6
2025-01-16,2025.0,1.0,1.0,16.0,7
2025-03-17,2025.0,1.0,3.0,17.0,8
2025-01-07,2025.0,1.0,1.0,7.0,9
2025-03-10,2025.0,1.0,3.0,10.0,10
2025-03-13,2025.0,1.0,3.0,13.0,11
2024-12-25,2024.0,4.0,12.0,25.0,12
2025-03-19,2025.0,1.0,3.0,19.0,13
2025-03-04,2025.0,1.0,3.0,4.0,14
2021-11-11,2021.0,4.0,11.0,11.0,15
2025-03-11,2025.0,1.0,3.0,11.0,16
2024-12-26,2024.0,4.0,12.0,26.0,17
2025-02-14,2025.0,1.0,2.0,14.0,18
2025-01-20,2025.0,1.0,1.0,20.0,19
2025-01-08,2025.0,1.0,1.0,8.0,20
2025-03-05,2025.0,1.0,3.0,5.0,21
2025-03-15,2025.0,1.0,3.0,15.0,22
2025-02-24,2025.0,1.0,2.0,24.0,23
2025-03-16,2025.0,1.0,3.0,16.0,24
2024-05-22,2024.0,2.0,5.0,22.0,25
2025-01-23,2025.0,1.0,1.0,23.0,26
2022-03-22,2022.0,1.0,3.0,22.0,27
2025-01-09,2025.0,1.0,1.0,9.0,28
2025-02-10,2025.0,1.0,2.0,10.0,29
2025-01-05,2025.0,1.0,1.0,5.0,30
2025-01-17,2025.0,1.0,1.0,17.0,31
2025-01-15,2025.0,1.0,1.0,15.0,32
2025-01-18,2025.0,1.0,1.0,18.0,33
2024-12-31,2024.0,4.0,12.0,31.0,34
2025-01-06,2025.0,1.0,1.0,6.0,35
2025-02-17,2025.0,1.0,2.0,17.0,36
2025-02-27,2025.0,1.0,2.0,27.0,37
2025-03-08,2025.0,1.0,3.0,8.0,38
2025-03-03,2025.0,1.0,3.0,3.0,39
2025-03-06,2025.0,1.0,3.0,6.0,40
2025-02-13,2025.0,1.0,2.0,13.0,41
2025-03-07,2025.0,1.0,3.0,7.0,42
2025-02-06,2025.0,1.0,2.0,6.0,43
2025-01-14,2025.0,1.0,1.0,14.0,44
2024-11-17,2024.0,4.0,11.0,17.0,45
2025-03-01,2025.0,1.0,3.0,1.0,46
2024-12-23,2024.0,4.0,12.0,23.0,47
2024-11-22,2024.0,4.0,11.0,22.0,48
2024-12-12,2024.0,4.0,12.0,12.0,49
2025-02-19,2025.0,1.0,2.0,19.0,50
2025-02-28,2025.0,1.0,2.0,28.0,51
2025-02-20,2025.0,1.0,2.0,20.0,52
2024-12-08,2024.0,4.0,12.0,8.0,53
2025-02-07,2025.0,1.0,2.0,7.0,54
2024-12-09,2024.0,4.0,12.0,9.0,55
2025-02-18,2025.0,1.0,2.0,18.0,56
2025-03-02,2025.0,1.0,3.0,2.0,57
2025-02-15,2025.0,1.0,2.0,15.0,58
2025-02-11,2025.0,1.0,2.0,11.0,59
2025-02-21,2025.0,1.0,2.0,21.0,60
2024-11-12,2024.0,4.0,11.0,12.0,61
2025-01-02,2025.0,1.0,1.0,2.0,62
2025-02-26,2025.0,1.0,2.0,26.0,63
2024-08-09,2024.0,3.0,8.0,9.0,64
2024-12-18,2024.0,4.0,12.0,18.0,65
2025-02-25,2025.0,1.0,2.0,25.0,66
2025-01-11,2025.0,1.0,1.0,11.0,67
2024-12-19,2024.0,4.0,12.0,19.0,68
2024-12-24,2024.0,4.0,12.0,24.0,69
2024-04-15,2024.0,2.0,4.0,15.0,70
2025-02-03,2025.0,1.0,2.0,3.0,71
2020-09-21,2020.0,3.0,9.0,21.0,72
2024-08-20,2024.0,3.0,8.0,20.0,73
2024-06-24,2024.0,2.0,6.0,24.0,74
2024-12-05,2024.0,4.0,12.0,5.0,75
2024-12-27,2024.0,4.0,12.0,27.0,76
2025-02-12,2025.0,1.0,2.0,12.0,77
2024-03-04,2024.0,1.0,3.0,4.0,78
2025-01-10,2025.0,1.0,1.0,10.0,79
2024-10-17,2024.0,4.0,10.0,17.0,80
2025-01-13,2025.0,1.0,1.0,13.0,81
2024-11-21,2024.0,4.0,11.0,21.0,82
2024-10-24,2024.0,4.0,10.0,24.0,83
2024-08-16,2024.0,3.0,8.0,16.0,84
2025-02-05,2025.0,1.0,2.0,5.0,85
2020-01-01,2020.0,1.0,1.0,1.0,86
2024-12-28,2024.0,4.0,12.0,28.0,87
2024-12-16,2024.0,4.0,12.0,16.0,88
2024-12-13,2024.0,4.0,12.0,13.0,89
2024-12-02,2024.0,4.0,12.0,2.0,90
2024-12-11,2024.0,4.0,12.0,11.0,91
2024-12-20,2024.0,4.0,12.0,20.0,92
2024-12-17,2024.0,4.0,12.0,17.0,93
2025-01-28,2025.0,1.0,1.0,28.0,94
2024-11-01,2024.0,4.0,11.0,1.0,95
2024-10-30,2024.0,4.0,10.0,30.0,96
2025-01-31,2025.0,1.0,1.0,31.0,97
2024-11-04,2024.0,4.0,11.0,4.0,98
2025-01-22,2025.0,1.0,1.0,22.0,99
2024-08-01,2024.0,3.0,8.0,1.0,100
2024-09-23,2024.0,3.0,9.0,23.0,101
2024-12-04,2024.0,4.0,12.0,4.0,102
2024-11-26,2024.0,4.0,11.0,26.0,103
2024-12-14,2024.0,4.0,12.0,14.0,104
2024-11-25,2024.0,4.0,11.0,25.0,105
2024-11-14,2024.0,4.0,11.0,14.0,106
2024-11-07,2024.0,4.0,11.0,7.0,107
2024-11-23,2024.0,4.0,11.0,23.0,108
2024-09-09,2024.0,3.0,9.0,9.0,109
2025-01-19,2025.0,1.0,1.0,19.0,110
2025-01-03,2025.0,1.0,1.0,3.0,111
2017-08-14,2017.0,3.0,8.0,14.0,112
2024-12-06,2024.0,4.0,12.0,6.0,113
2024-12-15,2024.0,4.0,12.0,15.0,114
2025-01-01,2025.0,1.0,1.0,1.0,115
2024-08-15,2024.0,3.0,8.0,15.0,116
2024-12-10,2024.0,4.0,12.0,10.0,117
2024-11-13,2024.0,4.0,11.0,13.0,118
2024-12-30,2024.0,4.0,12.0,30.0,119
2024-12-03,2024.0,4.0,12.0,3.0,120
2024-02-27,2024.0,1.0,2.0,27.0,121
2024-09-26,2024.0,3.0,9.0,26.0,122
2024-12-07,2024.0,4.0,12.0,7.0,123
2024-11-06,2024.0,4.0,11.0,6.0,124
2024-10-23,2024.0,4.0,10.0,23.0,125
2024-12-21,2024.0,4.0,12.0,21.0,126
2024-11-30,2024.0,4.0,11.0,30.0,127
2024-09-27,2024.0,3.0,9.0,27.0,128
2024-11-15,2024.0,4.0,11.0,15.0,129
2024-10-22,2024.0,4.0,10.0,22.0,130
2023-09-19,2023.0,3.0,9.0,19.0,131
2024-11-11,2024.0,4.0,11.0,11.0,132
2024-11-18,2024.0,4.0,11.0,18.0,133
2024-11-02,2024.0,4.0,11.0,2.0,134
2024-11-19,2024.0,4.0,11.0,19.0,135
2024-10-29,2024.0,4.0,10.0,29.0,136
2024-10-15,2024.0,4.0,10.0,15.0,137
2024-10-12,2024.0,4.0,10.0,12.0,138
2024-05-21,2024.0,2.0,5.0,21.0,139
2024-11-09,2024.0,4.0,11.0,9.0,140
2023-11-08,2023.0,4.0,11.0,8.0,141
2024-11-10,2024.0,4.0,11.0,10.0,142
2024-10-08,2024.0,4.0,10.0,8.0,143
2024-10-26,2024.0,4.0,10.0,26.0,144
2024-12-22,2024.0,4.0,12.0,22.0,145
2024-11-08,2024.0,4.0,11.0,8.0,146
2024-11-16,2024.0,4.0,11.0,16.0,147
2024-08-26,2024.0,3.0,8.0,26.0,148
2024-10-28,2024.0,4.0,10.0,28.0,149
2024-11-05,2024.0,4.0,11.0,5.0,150
2024-10-21,2024.0,4.0,10.0,21.0,151
2024-10-25,2024.0,4.0,10.0,25.0,152
2024-12-29,2024.0,4.0,12.0,29.0,153
2024-11-29,2024.0,4.0,11.0,29.0,154
2024-10-27,2024.0,4.0,10.0,27.0,155
2024-05-20,2024.0,2.0,5.0,20.0,156
2024-09-25,2024.0,3.0,9.0,25.0,157
2024-11-28,2024.0,4.0,11.0,28.0,158
2024-10-31,2024.0,4.0,10.0,31.0,159
2024-10-16,2024.0,4.0,10.0,16.0,160
2024-09-29,2024.0,3.0,9.0,29.0,161
2024-09-30,2024.0,3.0,9.0,30.0,162
2023-09-29,2023.0,3.0,9.0,29.0,163
2024-09-18,2024.0,3.0,9.0,18.0,164
2024-10-06,2024.0,4.0,10.0,6.0,165
2024-09-14,2024.0,3.0,9.0,14.0,166
2024-10-11,2024.0,4.0,10.0,11.0,167
2024-10-10,2024.0,4.0,10.0,10.0,168
2024-09-15,2024.0,3.0,9.0,15.0,169
2024-03-12,2024.0,1.0,3.0,12.0,170
2024-06-14,2024.0,2.0,6.0,14.0,171
2024-11-20,2024.0,4.0,11.0,20.0,172
2024-10-09,2024.0,4.0,10.0,9.0,173
2024-09-24,2024.0,3.0,9.0,24.0,174
2024-08-21,2024.0,3.0,8.0,21.0,175
2024-07-23,2024.0,3.0,7.0,23.0,176
2024-10-04,2024.0,4.0,10.0,4.0,177
2024-08-08,2024.0,3.0,8.0,8.0,178
2024-09-11,2024.0,3.0,9.0,11.0,179
2023-09-08,2023.0,3.0,9.0,8.0,180
2024-08-19,2024.0,3.0,8.0,19.0,181
2024-10-13,2024.0,4.0,10.0,13.0,182
2024-09-28,2024.0,3.0,9.0,28.0,183
2024-08-30,2024.0,3.0,8.0,30.0,184
2024-09-12,2024.0,3.0,9.0,12.0,185
2024-08-22,2024.0,3.0,8.0,22.0,186
2024-07-30,2024.0,3.0,7.0,30.0,187
2024-08-06,2024.0,3.0,8.0,6.0,188
2024-07-29,2024.0,3.0,7.0,29.0,189
2024-10-14,2024.0,4.0,10.0,14.0,190
2024-09-13,2024.0,3.0,9.0,13.0,191
2024-08-13,2024.0,3.0,8.0,13.0,192
2024-10-18,2024.0,4.0,10.0,18.0,193
2024-07-05,2024.0,3.0,7.0,5.0,194
2024-09-07,2024.0,3.0,9.0,7.0,195
2024-10-05,2024.0,4.0,10.0,5.0,196
2024-09-20,2024.0,3.0,9.0,20.0,197
2024-06-17,2024.0,2.0,6.0,17.0,198
2024-04-17,2024.0,2.0,4.0,17.0,199
2024-08-28,2024.0,3.0,8.0,28.0,200
2024-07-11,2024.0,3.0,7.0,11.0,201
2024-09-21,2024.0,3.0,9.0,21.0,202
2024-08-24,2024.0,3.0,8.0,24.0,203
2024-09-19,2024.0,3.0,9.0,19.0,204
2023-10-26,2023.0,4.0,10.0,26.0,205
2024-09-10,2024.0,3.0,9.0,10.0,206
2024-10-07,2024.0,4.0,10.0,7.0,207
2024-04-19,2024.0,2.0,4.0,19.0,208
2024-08-02,2024.0,3.0,8.0,2.0,209
2024-06-26,2024.0,2.0,6.0,26.0,210
2024-10-19,2024.0,4.0,10.0,19.0,211
2024-08-07,2024.0,3.0,8.0,7.0,212
2024-09-06,2024.0,3.0,9.0,6.0,213
2024-09-03,2024.0,3.0,9.0,3.0,214
2024-08-27,2024.0,3.0,8.0,27.0,215
2024-08-14,2024.0,3.0,8.0,14.0,216
2024-10-01,2024.0,4.0,10.0,1.0,217
2024-10-20,2024.0,4.0,10.0,20.0,218
2024-08-11,2024.0,3.0,8.0,11.0,219
2024-08-05,2024.0,3.0,8.0,5.0,220
2024-05-13,2024.0,2.0,5.0,13.0,221
2024-07-01,2024.0,3.0,7.0,1.0,222
2024-10-03,2024.0,4.0,10.0,3.0,223
2024-07-25,2024.0,3.0,7.0,25.0,224
2024-09-05,2024.0,3.0,9.0,5.0,225
2024-06-30,2024.0,2.0,6.0,30.0,226
2024-04-09,2024.0,2.0,4.0,9.0,227
2024-05-28,2024.0,2.0,5.0,28.0,228
2024-07-26,2024.0,3.0,7.0,26.0,229
2024-09-02,2024.0,3.0,9.0,2.0,230
2024-08-31,2024.0,3.0,8.0,31.0,231
2024-07-09,2024.0,3.0,7.0,9.0,232
2024-10-02,2024.0,4.0,10.0,2.0,233
2024-06-19,2024.0,2.0,6.0,19.0,234
2024-05-04,2024.0,2.0,5.0,4.0,235
2024-07-22,2024.0,3.0,7.0,22.0,236
2024-06-20,2024.0,2.0,6.0,20.0,237
2024-09-17,2024.0,3.0,9.0,17.0,238
2024-07-31,2024.0,3.0,7.0,31.0,239
2024-06-27,2024.0,2.0,6.0,27.0,240
2024-04-23,2024.0,2.0,4.0,23.0,241
2024-08-03,2024.0,3.0,8.0,3.0,242
2023-12-01,2023.0,4.0,12.0,1.0,243
2024-09-16,2024.0,3.0,9.0,16.0,244
2024-07-16,2024.0,3.0,7.0,16.0,245
2024-06-13,2024.0,2.0,6.0,13.0,246
2024-08-23,2024.0,3.0,8.0,23.0,247
2024-06-25,2024.0,2.0,6.0,25.0,248
2024-09-04,2024.0,3.0,9.0,4.0,249
2024-06-18,2024.0,2.0,6.0,18.0,250
2024-08-17,2024.0,3.0,8.0,17.0,251
2024-04-24,2024.0,2.0,4.0,24.0,252
2024-07-13,2024.0,3.0,7.0,13.0,253
2024-04-25,2024.0,2.0,4.0,25.0,254
2024-07-10,2024.0,3.0,7.0,10.0,255
2024-07-18,2024.0,3.0,7.0,18.0,256
2024-07-27,2024.0,3.0,7.0,27.0,257
2024-07-17,2024.0,3.0,7.0,17.0,258
2024-08-29,2024.0,3.0,8.0,29.0,259
2021-05-26,2021.0,2.0,5.0,26.0,260
2024-07-24,2024.0,3.0,7.0,24.0,261
2024-06-15,2024.0,2.0,6.0,15.0,262
2024-03-14,2024.0,1.0,3.0,14.0,263
2024-08-18,2024.0,3.0,8.0,18.0,264
2023-10-24,2023.0,4.0,10.0,24.0,265
2024-07-15,2024.0,3.0,7.0,15.0,266
2024-04-11,2024.0,2.0,4.0,11.0,267
2022-02-18,2022.0,1.0,2.0,18.0,268
2021-10-29,2021.0,4.0,10.0,29.0,269
2021-10-01,2021.0,4.0,10.0,1.0,270
2024-07-03,2024.0,3.0,7.0,3.0,271
2024-08-25,2024.0,3.0,8.0,25.0,272
2024-08-04,2024.0,3.0,8.0,4.0,273
2024-07-12,2024.0,3.0,7.0,12.0,274
2024-07-06,2024.0,3.0,7.0,6.0,275
2024-07-04,2024.0,3.0,7.0,4.0,276
2024-06-03,2024.0,2.0,6.0,3.0,277
2021-11-10,2021.0,4.0,11.0,10.0,278
2024-06-12,2024.0,2.0,6.0,12.0,279
2024-07-08,2024.0,3.0,7.0,8.0,280
2024-06-23,2024.0,2.0,6.0,23.0,281
2024-08-12,2024.0,3.0,8.0,12.0,282
2024-05-23,2024.0,2.0,5.0,23.0,283
2024-05-01,2024.0,2.0,5.0,1.0,284
2024-05-08,2024.0,2.0,5.0,8.0,285
2024-05-02,2024.0,2.0,5.0,2.0,286
2023-11-02,2023.0,4.0,11.0,2.0,287
2024-07-07,2024.0,3.0,7.0,7.0,288
2024-06-16,2024.0,2.0,6.0,16.0,289
2024-03-25,2024.0,1.0,3.0,25.0,290
2024-07-20,2024.0,3.0,7.0,20.0,291
2024-05-29,2024.0,2.0,5.0,29.0,292
2013-10-17,2013.0,4.0,10.0,17.0,293
2024-05-30,2024.0,2.0,5.0,30.0,294
2024-06-10,2024.0,2.0,6.0,10.0,295
2024-06-05,2024.0,2.0,6.0,5.0,296
2024-04-26,2024.0,2.0,4.0,26.0,297
2024-06-22,2024.0,2.0,6.0,22.0,298
2024-06-21,2024.0,2.0,6.0,21.0,299
2024-05-17,2024.0,2.0,5.0,17.0,300
2024-06-11,2024.0,2.0,6.0,11.0,301
2024-06-07,2024.0,2.0,6.0,7.0,302
2024-05-31,2024.0,2.0,5.0,31.0,303
2024-04-18,2024.0,2.0,4.0,18.0,304
2023-12-30,2023.0,4.0,12.0,30.0,305
2024-07-02,2024.0,3.0,7.0,2.0,306
2021-03-20,2021.0,1.0,3.0,20.0,307
2024-05-15,2024.0,2.0,5.0,15.0,308
2023-08-02,2023.0,3.0,8.0,2.0,309
2024-06-29,2024.0,2.0,6.0,29.0,310
2024-05-09,2024.0,2.0,5.0,9.0,311
2024-05-12,2024.0,2.0,5.0,12.0,312
2022-04-29,2022.0,2.0,4.0,29.0,313
2022-12-08,2022.0,4.0,12.0,8.0,314
2024-05-27,2024.0,2.0,5.0,27.0,315
2023-10-25,2023.0,4.0,10.0,25.0,316
2024-06-28,2024.0,2.0,6.0,28.0,317
2014-07-21,2014.0,3.0,7.0,21.0,318
2023-11-03,2023.0,4.0,11.0,3.0,319
2024-01-31,2024.0,1.0,1.0,31.0,320
2024-04-16,2024.0,2.0,4.0,16.0,321
2024-04-03,2024.0,2.0,4.0,3.0,322
2024-04-29,2024.0,2.0,4.0,29.0,323
2024-05-14,2024.0,2.0,5.0,14.0,324
2024-03-18,2024.0,1.0,3.0,18.0,325
2024-05-11,2024.0,2.0,5.0,11.0,326
2024-03-28,2024.0,1.0,3.0,28.0,327
2024-03-26,2024.0,1.0,3.0,26.0,328
2024-04-10,2024.0,2.0,4.0,10.0,329
2024-05-16,2024.0,2.0,5.0,16.0,330
2024-05-06,2024.0,2.0,5.0,6.0,331
2024-05-07,2024.0,2.0,5.0,7.0,332
2024-06-09,2024.0,2.0,6.0,9.0,333
2024-01-24,2024.0,1.0,1.0,24.0,334
2024-02-14,2024.0,1.0,2.0,14.0,335
2024-05-24,2024.0,2.0,5.0,24.0,336
2023-08-09,2023.0,3.0,8.0,9.0,337
2024-04-20,2024.0,2.0,4.0,20.0,338
2024-04-12,2024.0,2.0,4.0,12.0,339
2024-06-02,2024.0,2.0,6.0,2.0,340
2024-03-19,2024.0,1.0,3.0,19.0,341
2024-03-11,2024.0,1.0,3.0,11.0,342
2024-06-04,2024.0,2.0,6.0,4.0,343
2024-03-30,2024.0,1.0,3.0,30.0,344
2023-08-31,2023.0,3.0,8.0,31.0,345
2024-04-28,2024.0,2.0,4.0,28.0,346
2024-05-10,2024.0,2.0,5.0,10.0,347
2024-04-04,2024.0,2.0,4.0,4.0,348
2024-04-06,2024.0,2.0,4.0,6.0,349
2024-04-22,2024.0,2.0,4.0,22.0,350
2024-03-17,2024.0,1.0,3.0,17.0,351
2013-12-10,2013.0,4.0,12.0,10.0,352
2017-10-05,2017.0,4.0,10.0,5.0,353
2024-04-01,2024.0,2.0,4.0,1.0,354
2024-03-21,2024.0,1.0,3.0,21.0,355
2024-05-19,2024.0,2.0,5.0,19.0,356
2024-05-18,2024.0,2.0,5.0,18.0,357
2024-03-20,2024.0,1.0,3.0,20.0,358
2024-01-15,2024.0,1.0,1.0,15.0,359
2024-03-07,2024.0,1.0,3.0,7.0,360
2024-04-13,2024.0,2.0,4.0,13.0,361
2022-11-20,2022.0,4.0,11.0,20.0,362
2024-03-23,2024.0,1.0,3.0,23.0,363
2024-03-08,2024.0,1.0,3.0,8.0,364
2024-04-02,2024.0,2.0,4.0,2.0,365
2024-01-23,2024.0,1.0,1.0,23.0,366
2024-03-27,2024.0,1.0,3.0,27.0,367
2024-02-15,2024.0,1.0,2.0,15.0,368
2024-04-21,2024.0,2.0,4.0,21.0,369
2024-03-22,2024.0,1.0,3.0,22.0,370
2024-03-15,2024.0,1.0,3.0,15.0,371
2024-01-17,2024.0,1.0,1.0,17.0,372
2023-11-30,2023.0,4.0,11.0,30.0,373
2024-03-13,2024.0,1.0,3.0,13.0,374
2024-02-19,2024.0,1.0,2.0,19.0,375
2023-12-29,2023.0,4.0,12.0,29.0,376
2024-04-08,2024.0,2.0,4.0,8.0,377
2023-09-22,2023.0,3.0,9.0,22.0,378
2024-03-29,2024.0,1.0,3.0,29.0,379
2024-01-05,2024.0,1.0,1.0,5.0,380
2024-01-29,2024.0,1.0,1.0,29.0,381
2024-02-21,2024.0,1.0,2.0,21.0,382
2024-02-28,2024.0,1.0,2.0,28.0,383
2023-10-17,2023.0,4.0,10.0,17.0,384
2023-11-22,2023.0,4.0,11.0,22.0,385
2023-12-22,2023.0,4.0,12.0,22.0,386
2024-03-31,2024.0,1.0,3.0,31.0,387
2023-09-30,2023.0,3.0,9.0,30.0,388
2024-01-09,2024.0,1.0,1.0,9.0,389
2024-01-30,2024.0,1.0,1.0,30.0,390
2024-03-16,2024.0,1.0,3.0,16.0,391
2024-02-06,2024.0,1.0,2.0,6.0,392
2024-02-02,2024.0,1.0,2.0,2.0,393
2021-08-24,2021.0,3.0,8.0,24.0,394
2024-02-24,2024.0,1.0,2.0,24.0,395
2022-03-18,2022.0,1.0,3.0,18.0,396
2022-12-02,2022.0,4.0,12.0,2.0,397
2024-02-26,2024.0,1.0,2.0,26.0,398
2020-06-25,2020.0,2.0,6.0,25.0,399
2023-12-26,2023.0,4.0,12.0,26.0,400
2024-03-09,2024.0,1.0,3.0,9.0,401
2024-02-23,2024.0,1.0,2.0,23.0,402
2024-02-20,2024.0,1.0,2.0,20.0,403
2024-03-10,2024.0,1.0,3.0,10.0,404
2023-08-14,2023.0,3.0,8.0,14.0,405
2024-03-02,2024.0,1.0,3.0,2.0,406
2024-01-18,2024.0,1.0,1.0,18.0,407
2024-01-08,2024.0,1.0,1.0,8.0,408
2024-02-01,2024.0,1.0,2.0,1.0,409
2024-03-06,2024.0,1.0,3.0,6.0,410
2024-03-03,2024.0,1.0,3.0,3.0,411
2024-01-26,2024.0,1.0,1.0,26.0,412
2024-01-10,2024.0,1.0,1.0,10.0,413
2024-02-22,2024.0,1.0,2.0,22.0,414
2024-03-01,2024.0,1.0,3.0,1.0,415
2024-01-02,2024.0,1.0,1.0,2.0,416
2024-02-29,2024.0,1.0,2.0,29.0,417
2024-01-19,2024.0,1.0,1.0,19.0,418
2024-02-16,2024.0,1.0,2.0,16.0,419
2024-02-25,2024.0,1.0,2.0,25.0,420
2024-01-13,2024.0,1.0,1.0,13.0,421
2024-01-16,2024.0,1.0,1.0,16.0,422
2024-02-18,2024.0,1.0,2.0,18.0,423
2022-10-26,2022.0,4.0,10.0,26.0,424
2023-04-13,2023.0,2.0,4.0,13.0,425
2024-01-22,2024.0,1.0,1.0,22.0,426
2023-12-28,2023.0,4.0,12.0,28.0,427
2023-05-12,2023.0,2.0,5.0,12.0,428
2023-11-10,2023.0,4.0,11.0,10.0,429
2023-12-23,2023.0,4.0,12.0,23.0,430
2024-02-17,2024.0,1.0,2.0,17.0,431
2024-01-04,2024.0,1.0,1.0,4.0,432
2024-02-09,2024.0,1.0,2.0,9.0,433
2024-01-03,2024.0,1.0,1.0,3.0,434
2023-12-21,2023.0,4.0,12.0,21.0,435
2023-11-06,2023.0,4.0,11.0,6.0,436
2008-07-06,2008.0,3.0,7.0,6.0,437
2024-01-12,2024.0,1.0,1.0,12.0,438
2024-01-11,2024.0,1.0,1.0,11.0,439
2024-02-08,2024.0,1.0,2.0,8.0,440
2024-02-07,2024.0,1.0,2.0,7.0,441
2023-12-11,2023.0,4.0,12.0,11.0,442
2023-12-05,2023.0,4.0,12.0,5.0,443
2023-12-16,2023.0,4.0,12.0,16.0,444
2024-01-21,2024.0,1.0,1.0,21.0,445
2024-01-25,2024.0,1.0,1.0,25.0,446
2023-11-17,2023.0,4.0,11.0,17.0,447
2023-12-06,2023.0,4.0,12.0,6.0,448
2023-12-20,2023.0,4.0,12.0,20.0,449
2023-12-13,2023.0,4.0,12.0,13.0,450
2023-12-25,2023.0,4.0,12.0,25.0,451
2023-12-19,2023.0,4.0,12.0,19.0,452
2023-09-10,2023.0,3.0,9.0,10.0,453
2024-01-20,2024.0,1.0,1.0,20.0,454
2023-12-07,2023.0,4.0,12.0,7.0,455
2023-11-14,2023.0,4.0,11.0,14.0,456
2023-12-17,2023.0,4.0,12.0,17.0,457
2023-12-31,2023.0,4.0,12.0,31.0,458
2023-12-08,2023.0,4.0,12.0,8.0,459
2023-04-20,2023.0,2.0,4.0,20.0,460
2023-11-13,2023.0,4.0,11.0,13.0,461
2023-12-12,2023.0,4.0,12.0,12.0,462
2024-01-01,2024.0,1.0,1.0,1.0,463
2023-12-14,2023.0,4.0,12.0,14.0,464
2024-01-07,2024.0,1.0,1.0,7.0,465
2014-02-15,2014.0,1.0,2.0,15.0,466
2023-10-04,2023.0,4.0,10.0,4.0,467
2023-12-04,2023.0,4.0,12.0,4.0,468
2022-11-29,2022.0,4.0,11.0,29.0,469
2023-12-24,2023.0,4.0,12.0,24.0,470
2023-12-27,2023.0,4.0,12.0,27.0,471
2023-10-27,2023.0,4.0,10.0,27.0,472
2023-11-19,2023.0,4.0,11.0,19.0,473
2023-01-25,2023.0,1.0,1.0,25.0,474
2023-04-11,2023.0,2.0,4.0,11.0,475
2023-11-29,2023.0,4.0,11.0,29.0,476
2023-12-18,2023.0,4.0,12.0,18.0,477
2023-11-23,2023.0,4.0,11.0,23.0,478
2023-11-28,2023.0,4.0,11.0,28.0,479
2023-11-27,2023.0,4.0,11.0,27.0,480
2023-11-16,2023.0,4.0,11.0,16.0,481
2023-12-15,2023.0,4.0,12.0,15.0,482
2023-11-20,2023.0,4.0,11.0,20.0,483
2023-10-14,2023.0,4.0,10.0,14.0,484
2022-01-01,2022.0,1.0,1.0,1.0,485
2023-10-30,2023.0,4.0,10.0,30.0,486
2023-11-21,2023.0,4.0,11.0,21.0,487
2023-10-12,2023.0,4.0,10.0,12.0,488
2023-09-11,2023.0,3.0,9.0,11.0,489
2023-10-20,2023.0,4.0,10.0,20.0,490
2023-10-16,2023.0,4.0,10.0,16.0,491
2023-05-22,2023.0,2.0,5.0,22.0,492
2023-10-21,2023.0,4.0,10.0,21.0,493
2023-11-15,2023.0,4.0,11.0,15.0,494
2023-11-01,2023.0,4.0,11.0,1.0,495
2023-10-09,2023.0,4.0,10.0,9.0,496
2023-10-11,2023.0,4.0,10.0,11.0,497
2023-12-03,2023.0,4.0,12.0,3.0,498
2023-09-05,2023.0,3.0,9.0,5.0,499
2022-11-26,2022.0,4.0,11.0,26.0,500
2023-11-26,2023.0,4.0,11.0,26.0,501
2023-10-19,2023.0,4.0,10.0,19.0,502
2023-10-18,2023.0,4.0,10.0,18.0,503
2023-11-09,2023.0,4.0,11.0,9.0,504
2023-09-27,2023.0,3.0,9.0,27.0,505
2023-10-31,2023.0,4.0,10.0,31.0,506
2023-09-28,2023.0,3.0,9.0,28.0,507
2023-10-07,2023.0,4.0,10.0,7.0,508
2023-09-20,2023.0,3.0,9.0,20.0,509
2023-10-13,2023.0,4.0,10.0,13.0,510
2023-11-04,2023.0,4.0,11.0,4.0,511
2021-07-19,2021.0,3.0,7.0,19.0,512
2023-10-23,2023.0,4.0,10.0,23.0,513
2023-11-11,2023.0,4.0,11.0,11.0,514
2023-10-29,2023.0,4.0,10.0,29.0,515
2023-08-21,2023.0,3.0,8.0,21.0,516
2023-09-18,2023.0,3.0,9.0,18.0,517
2023-03-22,2023.0,1.0,3.0,22.0,518
2023-09-12,2023.0,3.0,9.0,12.0,519
2023-09-13,2023.0,3.0,9.0,13.0,520
2023-10-06,2023.0,4.0,10.0,6.0,521
2023-10-02,2023.0,4.0,10.0,2.0,522
2023-08-17,2023.0,3.0,8.0,17.0,523
2023-07-03,2023.0,3.0,7.0,3.0,524
2023-09-01,2023.0,3.0,9.0,1.0,525
2023-08-16,2023.0,3.0,8.0,16.0,526
2020-07-20,2020.0,3.0,7.0,20.0,527
2023-09-02,2023.0,3.0,9.0,2.0,528
2022-08-09,2022.0,3.0,8.0,9.0,529
2023-10-05,2023.0,4.0,10.0,5.0,530
2023-08-10,2023.0,3.0,8.0,10.0,531
2023-06-16,2023.0,2.0,6.0,16.0,532
2023-10-15,2023.0,4.0,10.0,15.0,533
2023-09-14,2023.0,3.0,9.0,14.0,534
2023-09-25,2023.0,3.0,9.0,25.0,535
2023-09-06,2023.0,3.0,9.0,6.0,536
2019-10-02,2019.0,4.0,10.0,2.0,537
2023-09-26,2023.0,3.0,9.0,26.0,538
2023-08-24,2023.0,3.0,8.0,24.0,539
2023-08-18,2023.0,3.0,8.0,18.0,540
2023-07-25,2023.0,3.0,7.0,25.0,541
2023-04-06,2023.0,2.0,4.0,6.0,542
2023-08-30,2023.0,3.0,8.0,30.0,543
2023-08-23,2023.0,3.0,8.0,23.0,544
2023-09-04,2023.0,3.0,9.0,4.0,545
2023-08-15,2023.0,3.0,8.0,15.0,546
2023-09-24,2023.0,3.0,9.0,24.0,547
2019-08-30,2019.0,3.0,8.0,30.0,548
2023-06-28,2023.0,2.0,6.0,28.0,549
2023-07-18,2023.0,3.0,7.0,18.0,550
2023-09-15,2023.0,3.0,9.0,15.0,551
2023-08-22,2023.0,3.0,8.0,22.0,552
2023-06-03,2023.0,2.0,6.0,3.0,553
2023-06-25,2023.0,2.0,6.0,25.0,554
2023-09-17,2023.0,3.0,9.0,17.0,555
2023-08-04,2023.0,3.0,8.0,4.0,556
2022-04-02,2022.0,2.0,4.0,2.0,557
2023-06-30,2023.0,2.0,6.0,30.0,558
2023-09-07,2023.0,3.0,9.0,7.0,559
2013-05-31,2013.0,2.0,5.0,31.0,560
2022-07-21,2022.0,3.0,7.0,21.0,561
2023-08-29,2023.0,3.0,8.0,29.0,562
2021-06-16,2021.0,2.0,6.0,16.0,563
2023-07-21,2023.0,3.0,7.0,21.0,564
2023-03-17,2023.0,1.0,3.0,17.0,565
2023-03-02,2023.0,1.0,3.0,2.0,566
2023-07-07,2023.0,3.0,7.0,7.0,567
2023-02-02,2023.0,1.0,2.0,2.0,568
2023-08-28,2023.0,3.0,8.0,28.0,569
2023-07-28,2023.0,3.0,7.0,28.0,570
2023-07-26,2023.0,3.0,7.0,26.0,571
2023-08-07,2023.0,3.0,8.0,7.0,572
2023-03-28,2023.0,1.0,3.0,28.0,573
2021-11-16,2021.0,4.0,11.0,16.0,574
2023-03-23,2023.0,1.0,3.0,23.0,575
2023-06-13,2023.0,2.0,6.0,13.0,576
2023-07-12,2023.0,3.0,7.0,12.0,577
2022-08-19,2022.0,3.0,8.0,19.0,578
2023-08-13,2023.0,3.0,8.0,13.0,579
2023-08-11,2023.0,3.0,8.0,11.0,580
2021-07-12,2021.0,3.0,7.0,12.0,581
2023-07-10,2023.0,3.0,7.0,10.0,582
2023-07-14,2023.0,3.0,7.0,14.0,583
2023-04-21,2023.0,2.0,4.0,21.0,584
2023-07-24,2023.0,3.0,7.0,24.0,585
2023-08-12,2023.0,3.0,8.0,12.0,586
2023-04-14,2023.0,2.0,4.0,14.0,587
2023-06-10,2023.0,2.0,6.0,10.0,588
2023-07-06,2023.0,3.0,7.0,6.0,589
2023-06-26,2023.0,2.0,6.0,26.0,590
2020-08-26,2020.0,3.0,8.0,26.0,591
2023-04-18,2023.0,2.0,4.0,18.0,592
2023-06-08,2023.0,2.0,6.0,8.0,593
2022-03-07,2022.0,1.0,3.0,7.0,594
2023-08-01,2023.0,3.0,8.0,1.0,595
2023-05-17,2023.0,2.0,5.0,17.0,596
2023-06-07,2023.0,2.0,6.0,7.0,597
2023-08-06,2023.0,3.0,8.0,6.0,598
2023-07-19,2023.0,3.0,7.0,19.0,599
2023-07-31,2023.0,3.0,7.0,31.0,600
2023-07-09,2023.0,3.0,7.0,9.0,601
2023-07-22,2023.0,3.0,7.0,22.0,602
2023-07-27,2023.0,3.0,7.0,27.0,603
2023-05-10,2023.0,2.0,5.0,10.0,604
2023-06-22,2023.0,2.0,6.0,22.0,605
2023-01-05,2023.0,1.0,1.0,5.0,606
2023-07-11,2023.0,3.0,7.0,11.0,607
2023-07-20,2023.0,3.0,7.0,20.0,608
2023-02-24,2023.0,1.0,2.0,24.0,609
2023-04-19,2023.0,2.0,4.0,19.0,610
2023-07-17,2023.0,3.0,7.0,17.0,611
2023-07-15,2023.0,3.0,7.0,15.0,612
2023-07-13,2023.0,3.0,7.0,13.0,613
2023-06-21,2023.0,2.0,6.0,21.0,614
2023-06-29,2023.0,2.0,6.0,29.0,615
2020-08-21,2020.0,3.0,8.0,21.0,616
2023-05-31,2023.0,2.0,5.0,31.0,617
2023-07-05,2023.0,3.0,7.0,5.0,618
2023-05-30,2023.0,2.0,5.0,30.0,619
2023-06-19,2023.0,2.0,6.0,19.0,620
2023-05-16,2023.0,2.0,5.0,16.0,621
2023-06-15,2023.0,2.0,6.0,15.0,622
2023-06-27,2023.0,2.0,6.0,27.0,623
2023-06-17,2023.0,2.0,6.0,17.0,624
2023-05-23,2023.0,2.0,5.0,23.0,625
2023-05-09,2023.0,2.0,5.0,9.0,626
2023-05-20,2023.0,2.0,5.0,20.0,627
2022-12-31,2022.0,4.0,12.0,31.0,628
2023-06-24,2023.0,2.0,6.0,24.0,629
2023-03-09,2023.0,1.0,3.0,9.0,630
2023-06-05,2023.0,2.0,6.0,5.0,631
2023-04-28,2023.0,2.0,4.0,28.0,632
2023-06-12,2023.0,2.0,6.0,12.0,633
2024-02-05,2024.0,1.0,2.0,5.0,634
2023-06-09,2023.0,2.0,6.0,9.0,635
2022-12-23,2022.0,4.0,12.0,23.0,636
2023-06-14,2023.0,2.0,6.0,14.0,637
2023-03-15,2023.0,1.0,3.0,15.0,638
2023-06-06,2023.0,2.0,6.0,6.0,639
2023-05-06,2023.0,2.0,5.0,6.0,640
2023-05-26,2023.0,2.0,5.0,26.0,641
2023-04-26,2023.0,2.0,4.0,26.0,642
2023-05-28,2023.0,2.0,5.0,28.0,643
2008-07-05,2008.0,3.0,7.0,5.0,644
2023-02-27,2023.0,1.0,2.0,27.0,645
2023-05-18,2023.0,2.0,5.0,18.0,646
2022-11-07,2022.0,4.0,11.0,7.0,647
2023-05-19,2023.0,2.0,5.0,19.0,648
2023-06-02,2023.0,2.0,6.0,2.0,649
2023-04-24,2023.0,2.0,4.0,24.0,650
2023-03-10,2023.0,1.0,3.0,10.0,651
2023-04-27,2023.0,2.0,4.0,27.0,652
2023-05-21,2023.0,2.0,5.0,21.0,653
2023-05-24,2023.0,2.0,5.0,24.0,654
2023-04-07,2023.0,2.0,4.0,7.0,655
2023-05-04,2023.0,2.0,5.0,4.0,656
2023-05-25,2023.0,2.0,5.0,25.0,657
2023-05-15,2023.0,2.0,5.0,15.0,658
2020-11-21,2020.0,4.0,11.0,21.0,659
2023-05-03,2023.0,2.0,5.0,3.0,660
2023-03-27,2023.0,1.0,3.0,27.0,661
2023-04-22,2023.0,2.0,4.0,22.0,662
2023-05-02,2023.0,2.0,5.0,2.0,663
2021-01-25,2021.0,1.0,1.0,25.0,664
2023-03-24,2023.0,1.0,3.0,24.0,665
2023-05-05,2023.0,2.0,5.0,5.0,666
2023-05-11,2023.0,2.0,5.0,11.0,667
2023-04-12,2023.0,2.0,4.0,12.0,668
2023-04-25,2023.0,2.0,4.0,25.0,669
2023-05-07,2023.0,2.0,5.0,7.0,670
2022-10-21,2022.0,4.0,10.0,21.0,671
2023-04-05,2023.0,2.0,4.0,5.0,672
2023-04-29,2023.0,2.0,4.0,29.0,673
2023-01-30,2023.0,1.0,1.0,30.0,674
2023-02-11,2023.0,1.0,2.0,11.0,675
2023-05-01,2023.0,2.0,5.0,1.0,676
2022-04-06,2022.0,2.0,4.0,6.0,677
2023-03-26,2023.0,1.0,3.0,26.0,678
2023-03-07,2023.0,1.0,3.0,7.0,679
2022-05-16,2022.0,2.0,5.0,16.0,680
2023-03-14,2023.0,1.0,3.0,14.0,681
2023-03-06,2023.0,1.0,3.0,6.0,682
2023-02-06,2023.0,1.0,2.0,6.0,683
2023-03-13,2023.0,1.0,3.0,13.0,684
2023-02-16,2023.0,1.0,2.0,16.0,685
2023-02-20,2023.0,1.0,2.0,20.0,686
2023-01-31,2023.0,1.0,1.0,31.0,687
2023-03-20,2023.0,1.0,3.0,20.0,688
2023-02-17,2023.0,1.0,2.0,17.0,689
2023-02-23,2023.0,1.0,2.0,23.0,690
2023-04-15,2023.0,2.0,4.0,15.0,691
2023-02-25,2023.0,1.0,2.0,25.0,692
2023-04-01,2023.0,2.0,4.0,1.0,693
2023-04-09,2023.0,2.0,4.0,9.0,694
2022-04-03,2022.0,2.0,4.0,3.0,695
2023-04-03,2023.0,2.0,4.0,3.0,696
2023-03-30,2023.0,1.0,3.0,30.0,697
2023-02-21,2023.0,1.0,2.0,21.0,698
2022-07-11,2022.0,3.0,7.0,11.0,699
2023-03-31,2023.0,1.0,3.0,31.0,700
2023-01-16,2023.0,1.0,1.0,16.0,701
2022-12-07,2022.0,4.0,12.0,7.0,702
2022-12-06,2022.0,4.0,12.0,6.0,703
2023-03-25,2023.0,1.0,3.0,25.0,704
2023-03-19,2023.0,1.0,3.0,19.0,705
2023-03-16,2023.0,1.0,3.0,16.0,706
2023-03-21,2023.0,1.0,3.0,21.0,707
2023-02-15,2023.0,1.0,2.0,15.0,708
2023-02-19,2023.0,1.0,2.0,19.0,709
2023-03-08,2023.0,1.0,3.0,8.0,710
2023-03-18,2023.0,1.0,3.0,18.0,711
2023-01-19,2023.0,1.0,1.0,19.0,712
2023-03-03,2023.0,1.0,3.0,3.0,713
2023-02-13,2023.0,1.0,2.0,13.0,714
2023-02-08,2023.0,1.0,2.0,8.0,715
2023-03-05,2023.0,1.0,3.0,5.0,716
2023-02-22,2023.0,1.0,2.0,22.0,717
2022-08-31,2022.0,3.0,8.0,31.0,718
2023-02-28,2023.0,1.0,2.0,28.0,719
2023-01-11,2023.0,1.0,1.0,11.0,720
2023-02-09,2023.0,1.0,2.0,9.0,721
2023-02-14,2023.0,1.0,2.0,14.0,722
2022-07-22,2022.0,3.0,7.0,22.0,723
2023-02-10,2023.0,1.0,2.0,10.0,724
2023-02-07,2023.0,1.0,2.0,7.0,725
2020-05-18,2020.0,2.0,5.0,18.0,726
2014-07-23,2014.0,3.0,7.0,23.0,727
2023-01-04,2023.0,1.0,1.0,4.0,728
2022-09-06,2022.0,3.0,9.0,6.0,729
2022-12-29,2022.0,4.0,12.0,29.0,730
2021-01-14,2021.0,1.0,1.0,14.0,731
2022-11-16,2022.0,4.0,11.0,16.0,732
2022-12-22,2022.0,4.0,12.0,22.0,733
2023-01-27,2023.0,1.0,1.0,27.0,734
2023-01-23,2023.0,1.0,1.0,23.0,735
2023-01-29,2023.0,1.0,1.0,29.0,736
2018-08-23,2018.0,3.0,8.0,23.0,737
2023-01-09,2023.0,1.0,1.0,9.0,738
2021-01-28,2021.0,1.0,1.0,28.0,739
2021-06-17,2021.0,2.0,6.0,17.0,740
2018-01-29,2018.0,1.0,1.0,29.0,741
2023-01-13,2023.0,1.0,1.0,13.0,742
2022-12-15,2022.0,4.0,12.0,15.0,743
2023-01-01,2023.0,1.0,1.0,1.0,744
2022-05-12,2022.0,2.0,5.0,12.0,745
2022-11-03,2022.0,4.0,11.0,3.0,746
2023-01-02,2023.0,1.0,1.0,2.0,747
2022-11-27,2022.0,4.0,11.0,27.0,748
2022-11-15,2022.0,4.0,11.0,15.0,749
2022-10-14,2022.0,4.0,10.0,14.0,750
2022-12-27,2022.0,4.0,12.0,27.0,751
2022-12-01,2022.0,4.0,12.0,1.0,752
2022-11-10,2022.0,4.0,11.0,10.0,753
2022-08-28,2022.0,3.0,8.0,28.0,754
2020-09-23,2020.0,3.0,9.0,23.0,755
2022-12-11,2022.0,4.0,12.0,11.0,756
2022-10-19,2022.0,4.0,10.0,19.0,757
2022-12-14,2022.0,4.0,12.0,14.0,758
2022-12-12,2022.0,4.0,12.0,12.0,759
2021-12-23,2021.0,4.0,12.0,23.0,760
2022-08-24,2022.0,3.0,8.0,24.0,761
2022-11-30,2022.0,4.0,11.0,30.0,762
2022-10-18,2022.0,4.0,10.0,18.0,763
2022-10-28,2022.0,4.0,10.0,28.0,764
2022-11-22,2022.0,4.0,11.0,22.0,765
2020-04-27,2020.0,2.0,4.0,27.0,766
2022-11-18,2022.0,4.0,11.0,18.0,767
2022-09-19,2022.0,3.0,9.0,19.0,768
2022-11-08,2022.0,4.0,11.0,8.0,769
2022-10-25,2022.0,4.0,10.0,25.0,770
2022-11-19,2022.0,4.0,11.0,19.0,771
2022-09-07,2022.0,3.0,9.0,7.0,772
2021-06-05,2021.0,2.0,6.0,5.0,773
2022-10-11,2022.0,4.0,10.0,11.0,774
2022-11-17,2022.0,4.0,11.0,17.0,775
2022-11-02,2022.0,4.0,11.0,2.0,776
2022-10-24,2022.0,4.0,10.0,24.0,777
2022-09-22,2022.0,3.0,9.0,22.0,778
2022-11-11,2022.0,4.0,11.0,11.0,779
2022-11-14,2022.0,4.0,11.0,14.0,780
2022-09-29,2022.0,3.0,9.0,29.0,781
2022-10-31,2022.0,4.0,10.0,31.0,782
2022-09-25,2022.0,3.0,9.0,25.0,783
2022-11-01,2022.0,4.0,11.0,1.0,784
2022-10-17,2022.0,4.0,10.0,17.0,785
2022-09-17,2022.0,3.0,9.0,17.0,786
2022-10-27,2022.0,4.0,10.0,27.0,787
2022-06-01,2022.0,2.0,6.0,1.0,788
2022-08-08,2022.0,3.0,8.0,8.0,789
2022-09-30,2022.0,3.0,9.0,30.0,790
2022-10-23,2022.0,4.0,10.0,23.0,791
2022-09-27,2022.0,3.0,9.0,27.0,792
2022-10-03,2022.0,4.0,10.0,3.0,793
2022-07-28,2022.0,3.0,7.0,28.0,794
2021-08-26,2021.0,3.0,8.0,26.0,795
2022-08-17,2022.0,3.0,8.0,17.0,796
2022-10-10,2022.0,4.0,10.0,10.0,797
2022-10-15,2022.0,4.0,10.0,15.0,798
2020-09-12,2020.0,3.0,9.0,12.0,799
2022-10-13,2022.0,4.0,10.0,13.0,800
2022-09-15,2022.0,3.0,9.0,15.0,801
2022-09-13,2022.0,3.0,9.0,13.0,802
2022-10-07,2022.0,4.0,10.0,7.0,803
2022-09-23,2022.0,3.0,9.0,23.0,804
2022-05-29,2022.0,2.0,5.0,29.0,805
2022-10-02,2022.0,4.0,10.0,2.0,806
2022-03-23,2022.0,1.0,3.0,23.0,807
2021-12-29,2021.0,4.0,12.0,29.0,808
2022-08-18,2022.0,3.0,8.0,18.0,809
2022-09-28,2022.0,3.0,9.0,28.0,810
2022-04-19,2022.0,2.0,4.0,19.0,811
2022-09-26,2022.0,3.0,9.0,26.0,812
2022-09-20,2022.0,3.0,9.0,20.0,813
2020-09-03,2020.0,3.0,9.0,3.0,814
2022-09-21,2022.0,3.0,9.0,21.0,815
2022-09-02,2022.0,3.0,9.0,2.0,816
2022-08-02,2022.0,3.0,8.0,2.0,817
2022-08-25,2022.0,3.0,8.0,25.0,818
2022-09-05,2022.0,3.0,9.0,5.0,819
2022-08-16,2022.0,3.0,8.0,16.0,820
2022-08-23,2022.0,3.0,8.0,23.0,821
2022-08-10,2022.0,3.0,8.0,10.0,822
2022-09-01,2022.0,3.0,9.0,1.0,823
2022-04-15,2022.0,2.0,4.0,15.0,824
2022-08-13,2022.0,3.0,8.0,13.0,825
2022-06-08,2022.0,2.0,6.0,8.0,826
2022-07-26,2022.0,3.0,7.0,26.0,827
2022-08-01,2022.0,3.0,8.0,1.0,828
2023-08-26,2023.0,3.0,8.0,26.0,829
2022-01-20,2022.0,1.0,1.0,20.0,830
2020-03-18,2020.0,1.0,3.0,18.0,831
2022-07-05,2022.0,3.0,7.0,5.0,832
2020-08-16,2020.0,3.0,8.0,16.0,833
2022-06-28,2022.0,2.0,6.0,28.0,834
2022-07-29,2022.0,3.0,7.0,29.0,835
2022-07-30,2022.0,3.0,7.0,30.0,836
2022-07-01,2022.0,3.0,7.0,1.0,837
2022-07-25,2022.0,3.0,7.0,25.0,838
2022-07-24,2022.0,3.0,7.0,24.0,839
2022-06-25,2022.0,2.0,6.0,25.0,840
2022-06-09,2022.0,2.0,6.0,9.0,841
2022-07-15,2022.0,3.0,7.0,15.0,842
2022-06-26,2022.0,2.0,6.0,26.0,843
2022-04-18,2022.0,2.0,4.0,18.0,844
2022-06-23,2022.0,2.0,6.0,23.0,845
2022-05-04,2022.0,2.0,5.0,4.0,846
2022-07-09,2022.0,3.0,7.0,9.0,847
2022-07-07,2022.0,3.0,7.0,7.0,848
2020-01-11,2020.0,1.0,1.0,11.0,849
2022-06-29,2022.0,2.0,6.0,29.0,850
2022-05-23,2022.0,2.0,5.0,23.0,851
2022-05-17,2022.0,2.0,5.0,17.0,852
2022-06-06,2022.0,2.0,6.0,6.0,853
2022-06-20,2022.0,2.0,6.0,20.0,854
2022-06-16,2022.0,2.0,6.0,16.0,855
2022-06-10,2022.0,2.0,6.0,10.0,856
2008-07-07,2008.0,3.0,7.0,7.0,857
2022-04-30,2022.0,2.0,4.0,30.0,858
2022-04-24,2022.0,2.0,4.0,24.0,859
2022-06-02,2022.0,2.0,6.0,2.0,860
2022-03-04,2022.0,1.0,3.0,4.0,861
2022-02-23,2022.0,1.0,2.0,23.0,862
2022-05-26,2022.0,2.0,5.0,26.0,863
2022-05-25,2022.0,2.0,5.0,25.0,864
2022-05-24,2022.0,2.0,5.0,24.0,865
2022-05-19,2022.0,2.0,5.0,19.0,866
2022-05-06,2022.0,2.0,5.0,6.0,867
2022-02-14,2022.0,1.0,2.0,14.0,868
2022-04-01,2022.0,2.0,4.0,1.0,869
2022-05-13,2022.0,2.0,5.0,13.0,870
2022-05-07,2022.0,2.0,5.0,7.0,871
2022-03-30,2022.0,1.0,3.0,30.0,872
2022-02-16,2022.0,1.0,2.0,16.0,873
2021-01-26,2021.0,1.0,1.0,26.0,874
2022-04-26,2022.0,2.0,4.0,26.0,875
2022-04-25,2022.0,2.0,4.0,25.0,876
2022-04-22,2022.0,2.0,4.0,22.0,877
2022-04-21,2022.0,2.0,4.0,21.0,878
2022-04-13,2022.0,2.0,4.0,13.0,879
2022-04-07,2022.0,2.0,4.0,7.0,880
2022-02-19,2022.0,1.0,2.0,19.0,881
2022-03-13,2022.0,1.0,3.0,13.0,882
2022-04-04,2022.0,2.0,4.0,4.0,883
2022-03-15,2022.0,1.0,3.0,15.0,884
2022-03-02,2022.0,1.0,3.0,2.0,885
2022-03-26,2022.0,1.0,3.0,26.0,886
2022-03-25,2022.0,1.0,3.0,25.0,887
2022-03-09,2022.0,1.0,3.0,9.0,888
2021-12-27,2021.0,4.0,12.0,27.0,889
2022-03-14,2022.0,1.0,3.0,14.0,890
2021-10-18,2021.0,4.0,10.0,18.0,891
2022-01-18,2022.0,1.0,1.0,18.0,892
2022-03-11,2022.0,1.0,3.0,11.0,893
2021-07-09,2021.0,3.0,7.0,9.0,894
2021-11-18,2021.0,4.0,11.0,18.0,895
2022-02-28,2022.0,1.0,2.0,28.0,896
2022-02-27,2022.0,1.0,2.0,27.0,897
2021-09-03,2021.0,3.0,9.0,3.0,898
2021-04-08,2021.0,2.0,4.0,8.0,899
2022-02-24,2022.0,1.0,2.0,24.0,900
2022-02-22,2022.0,1.0,2.0,22.0,901
2021-11-15,2021.0,4.0,11.0,15.0,902
2022-02-10,2022.0,1.0,2.0,10.0,903
2021-09-09,2021.0,3.0,9.0,9.0,904
2021-09-28,2021.0,3.0,9.0,28.0,905
2022-02-17,2022.0,1.0,2.0,17.0,906
2022-02-06,2022.0,1.0,2.0,6.0,907
2021-10-04,2021.0,4.0,10.0,4.0,908
2022-01-25,2022.0,1.0,1.0,25.0,909
2020-07-24,2020.0,3.0,7.0,24.0,910
2012-11-29,2012.0,4.0,11.0,29.0,911
2022-01-12,2022.0,1.0,1.0,12.0,912
2022-01-26,2022.0,1.0,1.0,26.0,913
2022-02-02,2022.0,1.0,2.0,2.0,914
2021-11-01,2021.0,4.0,11.0,1.0,915
2022-01-31,2022.0,1.0,1.0,31.0,916
2022-01-29,2022.0,1.0,1.0,29.0,917
2022-01-11,2022.0,1.0,1.0,11.0,918
2022-01-04,2022.0,1.0,1.0,4.0,919
2021-12-21,2021.0,4.0,12.0,21.0,920
2022-01-13,2022.0,1.0,1.0,13.0,921
2021-12-22,2021.0,4.0,12.0,22.0,922
2021-01-12,2021.0,1.0,1.0,12.0,923
2022-01-14,2022.0,1.0,1.0,14.0,924
2021-10-13,2021.0,4.0,10.0,13.0,925
2022-07-04,2022.0,3.0,7.0,4.0,926
2021-11-03,2021.0,4.0,11.0,3.0,927
2022-01-10,2022.0,1.0,1.0,10.0,928
2021-12-08,2021.0,4.0,12.0,8.0,929
2021-10-16,2021.0,4.0,10.0,16.0,930
2021-08-19,2021.0,3.0,8.0,19.0,931
2020-12-21,2020.0,4.0,12.0,21.0,932
2022-01-05,2022.0,1.0,1.0,5.0,933
2021-12-31,2021.0,4.0,12.0,31.0,934
2021-12-11,2021.0,4.0,12.0,11.0,935
2021-12-14,2021.0,4.0,12.0,14.0,936
2021-12-16,2021.0,4.0,12.0,16.0,937
2021-07-15,2021.0,3.0,7.0,15.0,938
2021-12-09,2021.0,4.0,12.0,9.0,939
2021-12-07,2021.0,4.0,12.0,7.0,940
2021-09-01,2021.0,3.0,9.0,1.0,941
2021-12-06,2021.0,4.0,12.0,6.0,942
2021-10-28,2021.0,4.0,10.0,28.0,943
2021-12-01,2021.0,4.0,12.0,1.0,944
2021-10-27,2021.0,4.0,10.0,27.0,945
2021-11-08,2021.0,4.0,11.0,8.0,946
2021-11-26,2021.0,4.0,11.0,26.0,947
2021-10-21,2021.0,4.0,10.0,21.0,948
2021-11-23,2021.0,4.0,11.0,23.0,949
2021-11-09,2021.0,4.0,11.0,9.0,950
2021-11-12,2021.0,4.0,11.0,12.0,951
2021-05-24,2021.0,2.0,5.0,24.0,952
2021-11-04,2021.0,4.0,11.0,4.0,953
2021-10-26,2021.0,4.0,10.0,26.0,954
2021-11-05,2021.0,4.0,11.0,5.0,955
2021-08-25,2021.0,3.0,8.0,25.0,956
2021-10-19,2021.0,4.0,10.0,19.0,957
2021-10-14,2021.0,4.0,10.0,14.0,958
2021-07-26,2021.0,3.0,7.0,26.0,959
2021-10-22,2021.0,4.0,10.0,22.0,960
2021-07-01,2021.0,3.0,7.0,1.0,961
2021-05-04,2021.0,2.0,5.0,4.0,962
2021-10-12,2021.0,4.0,10.0,12.0,963
2021-10-20,2021.0,4.0,10.0,20.0,964
2021-06-22,2021.0,2.0,6.0,22.0,965
2019-10-25,2019.0,4.0,10.0,25.0,966
2018-12-08,2018.0,4.0,12.0,8.0,967
2021-09-16,2021.0,3.0,9.0,16.0,968
2021-09-29,2021.0,3.0,9.0,29.0,969
2021-09-30,2021.0,3.0,9.0,30.0,970
2021-08-23,2021.0,3.0,8.0,23.0,971
2021-09-21,2021.0,3.0,9.0,21.0,972
2021-07-25,2021.0,3.0,7.0,25.0,973
2021-09-17,2021.0,3.0,9.0,17.0,974
2021-08-16,2021.0,3.0,8.0,16.0,975
2021-08-13,2021.0,3.0,8.0,13.0,976
2019-10-28,2019.0,4.0,10.0,28.0,977
2021-09-15,2021.0,3.0,9.0,15.0,978
2021-09-14,2021.0,3.0,9.0,14.0,979
2021-09-11,2021.0,3.0,9.0,11.0,980
2021-09-10,2021.0,3.0,9.0,10.0,981
2017-12-12,2017.0,4.0,12.0,12.0,982
2021-04-01,2021.0,2.0,4.0,1.0,983
2021-08-10,2021.0,3.0,8.0,10.0,984
2021-08-12,2021.0,3.0,8.0,12.0,985
2021-07-06,2021.0,3.0,7.0,6.0,986
2021-08-11,2021.0,3.0,8.0,11.0,987
2021-07-07,2021.0,3.0,7.0,7.0,988
2021-08-06,2021.0,3.0,8.0,6.0,989
2021-04-18,2021.0,2.0,4.0,18.0,990
2021-08-03,2021.0,3.0,8.0,3.0,991
2021-07-28,2021.0,3.0,7.0,28.0,992
2021-07-31,2021.0,3.0,7.0,31.0,993
2022-03-10,2022.0,1.0,3.0,10.0,994
2021-06-10,2021.0,2.0,6.0,10.0,995
2019-11-01,2019.0,4.0,11.0,1.0,996
2021-07-16,2021.0,3.0,7.0,16.0,997
2021-07-14,2021.0,3.0,7.0,14.0,998
2021-06-25,2021.0,2.0,6.0,25.0,999
2020-03-02,2020.0,1.0,3.0,2.0,1000
2014-03-24,2014.0,1.0,3.0,24.0,1001
2018-06-12,2018.0,2.0,6.0,12.0,1002
2021-06-29,2021.0,2.0,6.0,29.0,1003
2021-06-15,2021.0,2.0,6.0,15.0,1004
2021-06-19,2021.0,2.0,6.0,19.0,1005
2020-12-27,2020.0,4.0,12.0,27.0,1006
2021-04-02,2021.0,2.0,4.0,2.0,1007
2021-05-31,2021.0,2.0,5.0,31.0,1008
2021-05-21,2021.0,2.0,5.0,21.0,1009
2021-06-09,2021.0,2.0,6.0,9.0,1010
2021-05-20,2021.0,2.0,5.0,20.0,1011
2021-05-18,2021.0,2.0,5.0,18.0,1012
2021-05-28,2021.0,2.0,5.0,28.0,1013
2018-07-09,2018.0,3.0,7.0,9.0,1014
2017-09-22,2017.0,3.0,9.0,22.0,1015
2021-05-11,2021.0,2.0,5.0,11.0,1016
2021-05-17,2021.0,2.0,5.0,17.0,1017
2021-04-07,2021.0,2.0,4.0,7.0,1018
2021-03-10,2021.0,1.0,3.0,10.0,1019
2021-05-12,2021.0,2.0,5.0,12.0,1020
2021-04-29,2021.0,2.0,4.0,29.0,1021
2021-04-23,2021.0,2.0,4.0,23.0,1022
2021-04-28,2021.0,2.0,4.0,28.0,1023
2021-04-27,2021.0,2.0,4.0,27.0,1024
2021-04-22,2021.0,2.0,4.0,22.0,1025
2022-01-08,2022.0,1.0,1.0,8.0,1026
2021-04-21,2021.0,2.0,4.0,21.0,1027
2021-03-26,2021.0,1.0,3.0,26.0,1028
2021-04-19,2021.0,2.0,4.0,19.0,1029
2021-04-05,2021.0,2.0,4.0,5.0,1030
2021-04-15,2021.0,2.0,4.0,15.0,1031
2021-04-10,2021.0,2.0,4.0,10.0,1032
2021-01-06,2021.0,1.0,1.0,6.0,1033
2021-03-11,2021.0,1.0,3.0,11.0,1034
2021-04-06,2021.0,2.0,4.0,6.0,1035
2021-03-07,2021.0,1.0,3.0,7.0,1036
2016-02-20,2016.0,1.0,2.0,20.0,1037
2021-01-13,2021.0,1.0,1.0,13.0,1038
2021-01-21,2021.0,1.0,1.0,21.0,1039
2021-03-09,2021.0,1.0,3.0,9.0,1040
2021-02-24,2021.0,1.0,2.0,24.0,1041
2020-11-07,2020.0,4.0,11.0,7.0,1042
2019-06-23,2019.0,2.0,6.0,23.0,1043
2021-02-23,2021.0,1.0,2.0,23.0,1044
2021-01-19,2021.0,1.0,1.0,19.0,1045
2020-11-03,2020.0,4.0,11.0,3.0,1046
2021-02-11,2021.0,1.0,2.0,11.0,1047
2020-02-08,2020.0,1.0,2.0,8.0,1048
2021-02-03,2021.0,1.0,2.0,3.0,1049
2020-11-11,2020.0,4.0,11.0,11.0,1050
2020-12-19,2020.0,4.0,12.0,19.0,1051
2021-02-04,2021.0,1.0,2.0,4.0,1052
2021-02-02,2021.0,1.0,2.0,2.0,1053
2020-12-07,2020.0,4.0,12.0,7.0,1054
2021-01-27,2021.0,1.0,1.0,27.0,1055
2020-10-09,2020.0,4.0,10.0,9.0,1056
2020-05-07,2020.0,2.0,5.0,7.0,1057
2020-12-28,2020.0,4.0,12.0,28.0,1058
2021-01-15,2021.0,1.0,1.0,15.0,1059
2021-01-08,2021.0,1.0,1.0,8.0,1060
2020-07-07,2020.0,3.0,7.0,7.0,1061
2021-01-10,2021.0,1.0,1.0,10.0,1062
2020-04-20,2020.0,2.0,4.0,20.0,1063
2020-03-07,2020.0,1.0,3.0,7.0,1064
2020-10-19,2020.0,4.0,10.0,19.0,1065
2020-12-15,2020.0,4.0,12.0,15.0,1066
2021-02-19,2021.0,1.0,2.0,19.0,1067
2021-03-06,2021.0,1.0,3.0,6.0,1068
2017-08-17,2017.0,3.0,8.0,17.0,1069
2020-12-04,2020.0,4.0,12.0,4.0,1070
2020-12-03,2020.0,4.0,12.0,3.0,1071
2020-06-18,2020.0,2.0,6.0,18.0,1072
2020-11-26,2020.0,4.0,11.0,26.0,1073
2020-11-25,2020.0,4.0,11.0,25.0,1074
2020-11-09,2020.0,4.0,11.0,9.0,1075
2020-11-19,2020.0,4.0,11.0,19.0,1076
2020-07-31,2020.0,3.0,7.0,31.0,1077
2019-04-16,2019.0,2.0,4.0,16.0,1078
2020-11-10,2020.0,4.0,11.0,10.0,1079
2020-11-06,2020.0,4.0,11.0,6.0,1080
2020-11-04,2020.0,4.0,11.0,4.0,1081
2020-07-22,2020.0,3.0,7.0,22.0,1082
2020-10-20,2020.0,4.0,10.0,20.0,1083
2020-10-15,2020.0,4.0,10.0,15.0,1084
2013-09-25,2013.0,3.0,9.0,25.0,1085
2020-09-15,2020.0,3.0,9.0,15.0,1086
2020-10-21,2020.0,4.0,10.0,21.0,1087
2020-10-28,2020.0,4.0,10.0,28.0,1088
2020-10-25,2020.0,4.0,10.0,25.0,1089
2020-09-18,2020.0,3.0,9.0,18.0,1090
2020-08-14,2020.0,3.0,8.0,14.0,1091
2019-06-20,2019.0,2.0,6.0,20.0,1092
2020-10-13,2020.0,4.0,10.0,13.0,1093
2020-07-11,2020.0,3.0,7.0,11.0,1094
2020-08-20,2020.0,3.0,8.0,20.0,1095
2020-09-29,2020.0,3.0,9.0,29.0,1096
2019-02-13,2019.0,1.0,2.0,13.0,1097
2020-09-02,2020.0,3.0,9.0,2.0,1098
2020-09-14,2020.0,3.0,9.0,14.0,1099
2020-04-03,2020.0,2.0,4.0,3.0,1100
2018-12-10,2018.0,4.0,12.0,10.0,1101
2019-11-15,2019.0,4.0,11.0,15.0,1102
2020-06-19,2020.0,2.0,6.0,19.0,1103
2020-08-01,2020.0,3.0,8.0,1.0,1104
2020-08-13,2020.0,3.0,8.0,13.0,1105
2020-08-06,2020.0,3.0,8.0,6.0,1106
2019-09-20,2019.0,3.0,9.0,20.0,1107
2019-09-26,2019.0,3.0,9.0,26.0,1108
2018-09-13,2018.0,3.0,9.0,13.0,1109
2020-05-23,2020.0,2.0,5.0,23.0,1110
2020-08-02,2020.0,3.0,8.0,2.0,1111
2020-10-26,2020.0,4.0,10.0,26.0,1112
2020-07-26,2020.0,3.0,7.0,26.0,1113
2020-07-21,2020.0,3.0,7.0,21.0,1114
2020-07-14,2020.0,3.0,7.0,14.0,1115
2020-07-13,2020.0,3.0,7.0,13.0,1116
2020-07-16,2020.0,3.0,7.0,16.0,1117
2020-07-10,2020.0,3.0,7.0,10.0,1118
2020-07-09,2020.0,3.0,7.0,9.0,1119
2020-07-08,2020.0,3.0,7.0,8.0,1120
2020-06-28,2020.0,2.0,6.0,28.0,1121
2020-03-04,2020.0,1.0,3.0,4.0,1122
2020-03-24,2020.0,1.0,3.0,24.0,1123
2020-06-13,2020.0,2.0,6.0,13.0,1124
2020-07-02,2020.0,3.0,7.0,2.0,1125
2020-01-09,2020.0,1.0,1.0,9.0,1126
2020-03-08,2020.0,1.0,3.0,8.0,1127
2020-06-22,2020.0,2.0,6.0,22.0,1128
2020-06-10,2020.0,2.0,6.0,10.0,1129
2020-06-12,2020.0,2.0,6.0,12.0,1130
2018-06-18,2018.0,2.0,6.0,18.0,1131
2020-04-24,2020.0,2.0,4.0,24.0,1132
2020-05-25,2020.0,2.0,5.0,25.0,1133
2018-07-25,2018.0,3.0,7.0,25.0,1134
2020-06-05,2020.0,2.0,6.0,5.0,1135
2020-06-02,2020.0,2.0,6.0,2.0,1136
2020-05-29,2020.0,2.0,5.0,29.0,1137
2020-05-22,2020.0,2.0,5.0,22.0,1138
2020-04-06,2020.0,2.0,4.0,6.0,1139
2019-10-07,2019.0,4.0,10.0,7.0,1140
2020-04-02,2020.0,2.0,4.0,2.0,1141
2020-05-15,2020.0,2.0,5.0,15.0,1142
2020-05-12,2020.0,2.0,5.0,12.0,1143
2020-03-31,2020.0,1.0,3.0,31.0,1144
2014-07-16,2014.0,3.0,7.0,16.0,1145
2020-05-04,2020.0,2.0,5.0,4.0,1146
2020-03-30,2020.0,1.0,3.0,30.0,1147
2020-02-26,2020.0,1.0,2.0,26.0,1148
2020-03-26,2020.0,1.0,3.0,26.0,1149
2020-05-01,2020.0,2.0,5.0,1.0,1150
2020-04-14,2020.0,2.0,4.0,14.0,1151
2020-03-11,2020.0,1.0,3.0,11.0,1152
2020-03-16,2020.0,1.0,3.0,16.0,1153
2020-01-28,2020.0,1.0,1.0,28.0,1154
2019-10-04,2019.0,4.0,10.0,4.0,1155
2020-01-15,2020.0,1.0,1.0,15.0,1156
2020-01-26,2020.0,1.0,1.0,26.0,1157
2020-02-12,2020.0,1.0,2.0,12.0,1158
2019-12-05,2019.0,4.0,12.0,5.0,1159
2020-02-13,2020.0,1.0,2.0,13.0,1160
2020-02-04,2020.0,1.0,2.0,4.0,1161
2019-12-13,2019.0,4.0,12.0,13.0,1162
2020-01-22,2020.0,1.0,1.0,22.0,1163
2020-01-19,2020.0,1.0,1.0,19.0,1164
2019-09-21,2019.0,3.0,9.0,21.0,1165
2020-01-20,2020.0,1.0,1.0,20.0,1166
2020-01-16,2020.0,1.0,1.0,16.0,1167
2020-01-10,2020.0,1.0,1.0,10.0,1168
2020-01-03,2020.0,1.0,1.0,3.0,1169
2020-01-05,2020.0,1.0,1.0,5.0,1170
2019-12-30,2019.0,4.0,12.0,30.0,1171
2019-10-22,2019.0,4.0,10.0,22.0,1172
2019-12-23,2019.0,4.0,12.0,23.0,1173
2019-07-02,2019.0,3.0,7.0,2.0,1174
2019-12-09,2019.0,4.0,12.0,9.0,1175
2019-12-16,2019.0,4.0,12.0,16.0,1176
2020-09-09,2020.0,3.0,9.0,9.0,1177
2019-12-14,2019.0,4.0,12.0,14.0,1178
2019-11-29,2019.0,4.0,11.0,29.0,1179
2019-11-19,2019.0,4.0,11.0,19.0,1180
2019-11-10,2019.0,4.0,11.0,10.0,1181
2019-04-17,2019.0,2.0,4.0,17.0,1182
2014-09-26,2014.0,3.0,9.0,26.0,1183
2019-10-11,2019.0,4.0,10.0,11.0,1184
2019-11-11,2019.0,4.0,11.0,11.0,1185
2019-11-06,2019.0,4.0,11.0,6.0,1186
2019-11-09,2019.0,4.0,11.0,9.0,1187
2019-10-29,2019.0,4.0,10.0,29.0,1188
2019-10-30,2019.0,4.0,10.0,30.0,1189
2025-02-09,2025.0,1.0,2.0,9.0,1190
2022-05-28,2022.0,2.0,5.0,28.0,1191
2025-01-12,2025.0,1.0,1.0,12.0,1192
2025-01-21,2025.0,1.0,1.0,21.0,1193
2024-08-10,2024.0,3.0,8.0,10.0,1194
2025-01-30,2025.0,1.0,1.0,30.0,1195
2025-01-29,2025.0,1.0,1.0,29.0,1196
2025-01-24,2025.0,1.0,1.0,24.0,1197
2023-10-10,2023.0,4.0,10.0,10.0,1198
2024-12-01,2024.0,4.0,12.0,1.0,1199
2024-07-19,2024.0,3.0,7.0,19.0,1200
2024-07-28,2024.0,3.0,7.0,28.0,1201
2024-09-22,2024.0,3.0,9.0,22.0,1202
2024-09-01,2024.0,3.0,9.0,1.0,1203
2024-04-27,2024.0,2.0,4.0,27.0,1204
2025-02-08,2025.0,1.0,2.0,8.0,1205
2019-08-26,2019.0,3.0,8.0,26.0,1206
2010-10-28,2010.0,4.0,10.0,28.0,1207
2015-02-28,2015.0,1.0,2.0,28.0,1208
2025-04-07,2025.0,2.0,4.0,7.0,1209
2014-09-17,2014.0,3.0,9.0,17.0,1210
2014-09-12,2014.0,3.0,9.0,12.0,1211
2024-07-21,2024.0,3.0,7.0,21.0,1212
2024-04-05,2024.0,2.0,4.0,5.0,1213
2024-04-30,2024.0,2.0,4.0,30.0,1214
2024-03-05,2024.0,1.0,3.0,5.0,1215
2020-05-21,2020.0,2.0,5.0,21.0,1216
2024-01-06,2024.0,1.0,1.0,6.0,1217
2023-11-25,2023.0,4.0,11.0,25.0,1218
2021-02-25,2021.0,1.0,2.0,25.0,1219
2023-11-18,2023.0,4.0,11.0,18.0,1220
2023-07-08,2023.0,3.0,7.0,8.0,1221
2008-01-01,2008.0,1.0,1.0,1.0,1222
2023-08-25,2023.0,3.0,8.0,25.0,1223
2023-09-21,2023.0,3.0,9.0,21.0,1224
2023-09-03,2023.0,3.0,9.0,3.0,1225
2022-10-08,2022.0,4.0,10.0,8.0,1226
2023-08-08,2023.0,3.0,8.0,8.0,1227
2023-08-05,2023.0,3.0,8.0,5.0,1228
2023-08-03,2023.0,3.0,8.0,3.0,1229
2023-07-23,2023.0,3.0,7.0,23.0,1230
2023-06-23,2023.0,2.0,6.0,23.0,1231
2023-06-20,2023.0,2.0,6.0,20.0,1232
2023-05-29,2023.0,2.0,5.0,29.0,1233
2023-02-18,2023.0,1.0,2.0,18.0,1234
2022-04-05,2022.0,2.0,4.0,5.0,1235
2020-10-07,2020.0,4.0,10.0,7.0,1236
2017-03-08,2017.0,1.0,3.0,8.0,1237
2023-03-04,2023.0,1.0,3.0,4.0,1238
2023-01-06,2023.0,1.0,1.0,6.0,1239
2023-03-12,2023.0,1.0,3.0,12.0,1240
2023-02-01,2023.0,1.0,2.0,1.0,1241
2022-12-21,2022.0,4.0,12.0,21.0,1242
2022-12-03,2022.0,4.0,12.0,3.0,1243
2020-04-30,2020.0,2.0,4.0,30.0,1244
2022-03-31,2022.0,1.0,3.0,31.0,1245
2022-11-09,2022.0,4.0,11.0,9.0,1246
2022-10-12,2022.0,4.0,10.0,12.0,1247
2022-08-22,2022.0,3.0,8.0,22.0,1248
2020-10-01,2020.0,4.0,10.0,1.0,1249
2020-10-05,2020.0,4.0,10.0,5.0,1250
2020-05-19,2020.0,2.0,5.0,19.0,1251
2022-06-24,2022.0,2.0,6.0,24.0,1252
2022-08-15,2022.0,3.0,8.0,15.0,1253
2022-06-12,2022.0,2.0,6.0,12.0,1254
2022-07-23,2022.0,3.0,7.0,23.0,1255
2022-07-19,2022.0,3.0,7.0,19.0,1256
2022-07-18,2022.0,3.0,7.0,18.0,1257
2022-06-30,2022.0,2.0,6.0,30.0,1258
2022-05-08,2022.0,2.0,5.0,8.0,1259
2022-06-11,2022.0,2.0,6.0,11.0,1260
2022-01-06,2022.0,1.0,1.0,6.0,1261
2022-05-14,2022.0,2.0,5.0,14.0,1262
2018-05-11,2018.0,2.0,5.0,11.0,1263
2022-04-08,2022.0,2.0,4.0,8.0,1264
2019-11-21,2019.0,4.0,11.0,21.0,1265
2022-04-12,2022.0,2.0,4.0,12.0,1266
2018-12-02,2018.0,4.0,12.0,2.0,1267
2022-03-29,2022.0,1.0,3.0,29.0,1268
2022-03-24,2022.0,1.0,3.0,24.0,1269
2022-02-12,2022.0,1.0,2.0,12.0,1270
2022-02-03,2022.0,1.0,2.0,3.0,1271
2022-01-28,2022.0,1.0,1.0,28.0,1272
2022-01-23,2022.0,1.0,1.0,23.0,1273
2022-01-19,2022.0,1.0,1.0,19.0,1274
2014-11-04,2014.0,4.0,11.0,4.0,1275
2017-03-10,2017.0,1.0,3.0,10.0,1276
2021-08-31,2021.0,3.0,8.0,31.0,1277
2021-09-02,2021.0,3.0,9.0,2.0,1278
2020-09-30,2020.0,3.0,9.0,30.0,1279
2021-09-24,2021.0,3.0,9.0,24.0,1280
2021-05-08,2021.0,2.0,5.0,8.0,1281
2021-03-28,2021.0,1.0,3.0,28.0,1282
2020-03-23,2020.0,1.0,3.0,23.0,1283
2021-03-31,2021.0,1.0,3.0,31.0,1284
2021-03-29,2021.0,1.0,3.0,29.0,1285
2020-12-01,2020.0,4.0,12.0,1.0,1286
2021-03-23,2021.0,1.0,3.0,23.0,1287
2021-03-01,2021.0,1.0,3.0,1.0,1288
2020-09-19,2020.0,3.0,9.0,19.0,1289
2020-12-08,2020.0,4.0,12.0,8.0,1290
2020-05-13,2020.0,2.0,5.0,13.0,1291
2020-11-24,2020.0,4.0,11.0,24.0,1292
2019-10-14,2019.0,4.0,10.0,14.0,1293
2020-11-16,2020.0,4.0,11.0,16.0,1294
2020-10-22,2020.0,4.0,10.0,22.0,1295
2020-05-20,2020.0,2.0,5.0,20.0,1296
2020-09-24,2020.0,3.0,9.0,24.0,1297
2020-07-19,2020.0,3.0,7.0,19.0,1298
2020-09-08,2020.0,3.0,9.0,8.0,1299
2019-09-04,2019.0,3.0,9.0,4.0,1300
2021-06-07,2021.0,2.0,6.0,7.0,1301
2019-10-15,2019.0,4.0,10.0,15.0,1302
2019-10-18,2019.0,4.0,10.0,18.0,1303
2019-10-17,2019.0,4.0,10.0,17.0,1304
2020-06-16,2020.0,2.0,6.0,16.0,1305
2018-08-10,2018.0,3.0,8.0,10.0,1306
2020-03-21,2020.0,1.0,3.0,21.0,1307
2019-02-05,2019.0,1.0,2.0,5.0,1308
2020-05-02,2020.0,2.0,5.0,2.0,1309
2020-04-16,2020.0,2.0,4.0,16.0,1310
2020-04-22,2020.0,2.0,4.0,22.0,1311
2020-03-27,2020.0,1.0,3.0,27.0,1312
2020-03-28,2020.0,1.0,3.0,28.0,1313
2020-04-01,2020.0,2.0,4.0,1.0,1314
2020-03-19,2020.0,1.0,3.0,19.0,1315
2022-07-12,2022.0,3.0,7.0,12.0,1316
2015-06-16,2015.0,2.0,6.0,16.0,1317
2020-02-18,2020.0,1.0,2.0,18.0,1318
2020-09-27,2020.0,3.0,9.0,27.0,1319
2019-03-06,2019.0,1.0,3.0,6.0,1320
2020-01-31,2020.0,1.0,1.0,31.0,1321
2018-08-27,2018.0,3.0,8.0,27.0,1322
2010-10-30,2010.0,4.0,10.0,30.0,1323
2019-07-13,2019.0,3.0,7.0,13.0,1324
2016-03-15,2016.0,1.0,3.0,15.0,1325
2019-12-26,2019.0,4.0,12.0,26.0,1326
2019-12-22,2019.0,4.0,12.0,22.0,1327
2019-09-12,2019.0,3.0,9.0,12.0,1328
2019-11-25,2019.0,4.0,11.0,25.0,1329
2019-11-18,2019.0,4.0,11.0,18.0,1330
2018-08-24,2018.0,3.0,8.0,24.0,1331
2018-03-11,2018.0,1.0,3.0,11.0,1332
2018-11-24,2018.0,4.0,11.0,24.0,1333
2018-03-13,2018.0,1.0,3.0,13.0,1334
2019-09-29,2019.0,3.0,9.0,29.0,1335
2019-08-07,2019.0,3.0,8.0,7.0,1336
2019-06-28,2019.0,2.0,6.0,28.0,1337
2019-08-15,2019.0,3.0,8.0,15.0,1338
2014-06-13,2014.0,2.0,6.0,13.0,1339
2019-08-20,2019.0,3.0,8.0,20.0,1340
2019-08-19,2019.0,3.0,8.0,19.0,1341
2019-07-12,2019.0,3.0,7.0,12.0,1342
2019-07-08,2019.0,3.0,7.0,8.0,1343
2019-07-03,2019.0,3.0,7.0,3.0,1344
2016-08-14,2016.0,3.0,8.0,14.0,1345
2019-06-27,2019.0,2.0,6.0,27.0,1346
2013-04-05,2013.0,2.0,4.0,5.0,1347
2018-08-30,2018.0,3.0,8.0,30.0,1348
2019-02-23,2019.0,1.0,2.0,23.0,1349
2019-03-14,2019.0,1.0,3.0,14.0,1350
2019-05-16,2019.0,2.0,5.0,16.0,1351
2019-05-11,2019.0,2.0,5.0,11.0,1352
2018-02-07,2018.0,1.0,2.0,7.0,1353
2019-04-30,2019.0,2.0,4.0,30.0,1354
2019-05-02,2019.0,2.0,5.0,2.0,1355
2019-04-05,2019.0,2.0,4.0,5.0,1356
2019-04-04,2019.0,2.0,4.0,4.0,1357
2019-03-28,2019.0,1.0,3.0,28.0,1358
2019-03-10,2019.0,1.0,3.0,10.0,1359
2016-02-17,2016.0,1.0,2.0,17.0,1360
2016-03-30,2016.0,1.0,3.0,30.0,1361
2014-01-17,2014.0,1.0,1.0,17.0,1362
2018-12-18,2018.0,4.0,12.0,18.0,1363
2018-12-01,2018.0,4.0,12.0,1.0,1364
2018-01-12,2018.0,1.0,1.0,12.0,1365
2018-08-07,2018.0,3.0,8.0,7.0,1366
2018-10-15,2018.0,4.0,10.0,15.0,1367
2018-10-14,2018.0,4.0,10.0,14.0,1368
2018-09-19,2018.0,3.0,9.0,19.0,1369
2018-09-25,2018.0,3.0,9.0,25.0,1370
2018-09-20,2018.0,3.0,9.0,20.0,1371
2016-10-10,2016.0,4.0,10.0,10.0,1372
2018-09-12,2018.0,3.0,9.0,12.0,1373
2018-09-10,2018.0,3.0,9.0,10.0,1374
2018-08-12,2018.0,3.0,8.0,12.0,1375
2018-08-16,2018.0,3.0,8.0,16.0,1376
2018-08-19,2018.0,3.0,8.0,19.0,1377
2018-03-27,2018.0,1.0,3.0,27.0,1378
2018-08-15,2018.0,3.0,8.0,15.0,1379
2018-08-06,2018.0,3.0,8.0,6.0,1380
2018-07-15,2018.0,3.0,7.0,15.0,1381
2018-05-14,2018.0,2.0,5.0,14.0,1382
2018-04-16,2018.0,2.0,4.0,16.0,1383
2018-07-05,2018.0,3.0,7.0,5.0,1384
2018-06-28,2018.0,2.0,6.0,28.0,1385
2018-06-21,2018.0,2.0,6.0,21.0,1386
2018-06-05,2018.0,2.0,6.0,5.0,1387
2018-06-03,2018.0,2.0,6.0,3.0,1388
2018-05-17,2018.0,2.0,5.0,17.0,1389
2008-08-21,2008.0,3.0,8.0,21.0,1390
2018-03-16,2018.0,1.0,3.0,16.0,1391
2018-05-21,2018.0,2.0,5.0,21.0,1392
2018-05-07,2018.0,2.0,5.0,7.0,1393
2018-04-26,2018.0,2.0,4.0,26.0,1394
2018-04-24,2018.0,2.0,4.0,24.0,1395
2018-04-17,2018.0,2.0,4.0,17.0,1396
2017-12-11,2017.0,4.0,12.0,11.0,1397
2018-03-25,2018.0,1.0,3.0,25.0,1398
2018-03-19,2018.0,1.0,3.0,19.0,1399
2018-03-15,2018.0,1.0,3.0,15.0,1400
2018-03-12,2018.0,1.0,3.0,12.0,1401
2017-07-12,2017.0,3.0,7.0,12.0,1402
2018-01-25,2018.0,1.0,1.0,25.0,1403
2018-01-04,2018.0,1.0,1.0,4.0,1404
2012-05-14,2012.0,2.0,5.0,14.0,1405
2018-01-18,2018.0,1.0,1.0,18.0,1406
2017-12-05,2017.0,4.0,12.0,5.0,1407
2017-11-11,2017.0,4.0,11.0,11.0,1408
2017-10-23,2017.0,4.0,10.0,23.0,1409
2017-10-01,2017.0,4.0,10.0,1.0,1410
2014-11-01,2014.0,4.0,11.0,1.0,1411
2017-09-06,2017.0,3.0,9.0,6.0,1412
2017-08-29,2017.0,3.0,8.0,29.0,1413
2015-04-19,2015.0,2.0,4.0,19.0,1414
2017-08-24,2017.0,3.0,8.0,24.0,1415
2017-12-13,2017.0,4.0,12.0,13.0,1416
2017-07-14,2017.0,3.0,7.0,14.0,1417
2017-07-18,2017.0,3.0,7.0,18.0,1418
2017-07-17,2017.0,3.0,7.0,17.0,1419
2017-07-11,2017.0,3.0,7.0,11.0,1420
2017-07-07,2017.0,3.0,7.0,7.0,1421
2017-07-05,2017.0,3.0,7.0,5.0,1422
2017-06-26,2017.0,2.0,6.0,26.0,1423
2009-08-18,2009.0,3.0,8.0,18.0,1424
2017-06-09,2017.0,2.0,6.0,9.0,1425
2017-06-20,2017.0,2.0,6.0,20.0,1426
2017-04-24,2017.0,2.0,4.0,24.0,1427
2017-05-11,2017.0,2.0,5.0,11.0,1428
2017-04-28,2017.0,2.0,4.0,28.0,1429
2017-04-25,2017.0,2.0,4.0,25.0,1430
2017-04-11,2017.0,2.0,4.0,11.0,1431
2017-04-10,2017.0,2.0,4.0,10.0,1432
2015-03-23,2015.0,1.0,3.0,23.0,1433
2017-03-16,2017.0,1.0,3.0,16.0,1434
2017-03-13,2017.0,1.0,3.0,13.0,1435
2017-02-24,2017.0,1.0,2.0,24.0,1436
2017-02-23,2017.0,1.0,2.0,23.0,1437
2017-02-01,2017.0,1.0,2.0,1.0,1438
2016-12-15,2016.0,4.0,12.0,15.0,1439
2016-05-04,2016.0,2.0,5.0,4.0,1440
2017-05-01,2017.0,2.0,5.0,1.0,1441
2017-02-03,2017.0,1.0,2.0,3.0,1442
2017-01-31,2017.0,1.0,1.0,31.0,1443
2017-01-23,2017.0,1.0,1.0,23.0,1444
2017-01-20,2017.0,1.0,1.0,20.0,1445
2017-01-18,2017.0,1.0,1.0,18.0,1446
2017-01-17,2017.0,1.0,1.0,17.0,1447
2017-01-02,2017.0,1.0,1.0,2.0,1448
2016-12-20,2016.0,4.0,12.0,20.0,1449
2016-04-07,2016.0,2.0,4.0,7.0,1450
2016-12-16,2016.0,4.0,12.0,16.0,1451
2014-06-12,2014.0,2.0,6.0,12.0,1452
2016-12-28,2016.0,4.0,12.0,28.0,1453
2014-01-14,2014.0,1.0,1.0,14.0,1454
2016-11-14,2016.0,4.0,11.0,14.0,1455
2016-10-20,2016.0,4.0,10.0,20.0,1456
2016-10-06,2016.0,4.0,10.0,6.0,1457
2016-09-26,2016.0,3.0,9.0,26.0,1458
2018-12-17,2018.0,4.0,12.0,17.0,1459
2016-09-15,2016.0,3.0,9.0,15.0,1460
2016-09-14,2016.0,3.0,9.0,14.0,1461
2014-12-05,2014.0,4.0,12.0,5.0,1462
2014-11-27,2014.0,4.0,11.0,27.0,1463
2016-09-02,2016.0,3.0,9.0,2.0,1464
2016-09-01,2016.0,3.0,9.0,1.0,1465
2016-08-26,2016.0,3.0,8.0,26.0,1466
2019-04-18,2019.0,2.0,4.0,18.0,1467
2016-08-25,2016.0,3.0,8.0,25.0,1468
2016-10-28,2016.0,4.0,10.0,28.0,1469
2016-06-17,2016.0,2.0,6.0,17.0,1470
2016-07-29,2016.0,3.0,7.0,29.0,1471
2016-08-19,2016.0,3.0,8.0,19.0,1472
2016-08-18,2016.0,3.0,8.0,18.0,1473
2016-08-17,2016.0,3.0,8.0,17.0,1474
2016-07-13,2016.0,3.0,7.0,13.0,1475
2016-08-16,2016.0,3.0,8.0,16.0,1476
2015-11-17,2015.0,4.0,11.0,17.0,1477
2015-06-17,2015.0,2.0,6.0,17.0,1478
2015-04-16,2015.0,2.0,4.0,16.0,1479
2017-11-05,2017.0,4.0,11.0,5.0,1480
2016-08-08,2016.0,3.0,8.0,8.0,1481
2016-10-05,2016.0,4.0,10.0,5.0,1482
2016-08-04,2016.0,3.0,8.0,4.0,1483
2016-08-02,2016.0,3.0,8.0,2.0,1484
2016-02-25,2016.0,1.0,2.0,25.0,1485
2013-05-26,2013.0,2.0,5.0,26.0,1486
2016-06-07,2016.0,2.0,6.0,7.0,1487
2016-07-21,2016.0,3.0,7.0,21.0,1488
2016-07-20,2016.0,3.0,7.0,20.0,1489
2016-07-19,2016.0,3.0,7.0,19.0,1490
2016-07-18,2016.0,3.0,7.0,18.0,1491
2016-07-08,2016.0,3.0,7.0,8.0,1492
2016-07-14,2016.0,3.0,7.0,14.0,1493
2016-05-11,2016.0,2.0,5.0,11.0,1494
2016-07-07,2016.0,3.0,7.0,7.0,1495
2016-05-02,2016.0,2.0,5.0,2.0,1496
2016-07-01,2016.0,3.0,7.0,1.0,1497
2016-01-11,2016.0,1.0,1.0,11.0,1498
2016-07-05,2016.0,3.0,7.0,5.0,1499
2016-05-13,2016.0,2.0,5.0,13.0,1500
2016-06-09,2016.0,2.0,6.0,9.0,1501
2016-05-05,2016.0,2.0,5.0,5.0,1502
2016-06-06,2016.0,2.0,6.0,6.0,1503
2016-06-30,2016.0,2.0,6.0,30.0,1504
2016-06-28,2016.0,2.0,6.0,28.0,1505
2016-06-22,2016.0,2.0,6.0,22.0,1506
2016-11-11,2016.0,4.0,11.0,11.0,1507
2015-03-09,2015.0,1.0,3.0,9.0,1508
2016-06-14,2016.0,2.0,6.0,14.0,1509
2016-06-13,2016.0,2.0,6.0,13.0,1510
2017-07-19,2017.0,3.0,7.0,19.0,1511
2014-03-08,2014.0,1.0,3.0,8.0,1512
2016-06-02,2016.0,2.0,6.0,2.0,1513
2016-05-31,2016.0,2.0,5.0,31.0,1514
2014-01-23,2014.0,1.0,1.0,23.0,1515
2016-05-24,2016.0,2.0,5.0,24.0,1516
2016-05-21,2016.0,2.0,5.0,21.0,1517
2016-05-16,2016.0,2.0,5.0,16.0,1518
2016-05-12,2016.0,2.0,5.0,12.0,1519
2016-05-14,2016.0,2.0,5.0,14.0,1520
2016-05-09,2016.0,2.0,5.0,9.0,1521
2010-11-03,2010.0,4.0,11.0,3.0,1522
2011-03-17,2011.0,1.0,3.0,17.0,1523
2013-03-13,2013.0,1.0,3.0,13.0,1524
2016-05-01,2016.0,2.0,5.0,1.0,1525
2016-04-28,2016.0,2.0,4.0,28.0,1526
2016-04-27,2016.0,2.0,4.0,27.0,1527
2016-04-20,2016.0,2.0,4.0,20.0,1528
2016-04-12,2016.0,2.0,4.0,12.0,1529
2016-04-08,2016.0,2.0,4.0,8.0,1530
2013-08-18,2013.0,3.0,8.0,18.0,1531
2012-10-23,2012.0,4.0,10.0,23.0,1532
2016-03-21,2016.0,1.0,3.0,21.0,1533
2016-04-01,2016.0,2.0,4.0,1.0,1534
2011-10-24,2011.0,4.0,10.0,24.0,1535
2019-08-25,2019.0,3.0,8.0,25.0,1536
2016-03-26,2016.0,1.0,3.0,26.0,1537
2016-03-14,2016.0,1.0,3.0,14.0,1538
2016-03-17,2016.0,1.0,3.0,17.0,1539
2016-03-10,2016.0,1.0,3.0,10.0,1540
2016-03-19,2016.0,1.0,3.0,19.0,1541
2016-03-18,2016.0,1.0,3.0,18.0,1542
2015-03-20,2015.0,1.0,3.0,20.0,1543
2016-03-16,2016.0,1.0,3.0,16.0,1544
2013-10-10,2013.0,4.0,10.0,10.0,1545
2016-03-12,2016.0,1.0,3.0,12.0,1546
2016-03-09,2016.0,1.0,3.0,9.0,1547
2016-03-04,2016.0,1.0,3.0,4.0,1548
2016-03-08,2016.0,1.0,3.0,8.0,1549
2016-02-26,2016.0,1.0,2.0,26.0,1550
2016-03-06,2016.0,1.0,3.0,6.0,1551
2016-03-02,2016.0,1.0,3.0,2.0,1552
2016-02-27,2016.0,1.0,2.0,27.0,1553
2015-11-06,2015.0,4.0,11.0,6.0,1554
2015-07-09,2015.0,3.0,7.0,9.0,1555
2004-07-07,2004.0,3.0,7.0,7.0,1556
2015-03-12,2015.0,1.0,3.0,12.0,1557
2015-11-23,2015.0,4.0,11.0,23.0,1558
2016-01-01,2016.0,1.0,1.0,1.0,1559
2015-12-18,2015.0,4.0,12.0,18.0,1560
2013-08-22,2013.0,3.0,8.0,22.0,1561
2016-02-16,2016.0,1.0,2.0,16.0,1562
2016-02-13,2016.0,1.0,2.0,13.0,1563
2016-02-12,2016.0,1.0,2.0,12.0,1564
2016-02-11,2016.0,1.0,2.0,11.0,1565
2016-02-09,2016.0,1.0,2.0,9.0,1566
2016-02-08,2016.0,1.0,2.0,8.0,1567
2016-02-04,2016.0,1.0,2.0,4.0,1568
2016-02-05,2016.0,1.0,2.0,5.0,1569
2015-07-07,2015.0,3.0,7.0,7.0,1570
2014-07-25,2014.0,3.0,7.0,25.0,1571
2016-01-22,2016.0,1.0,1.0,22.0,1572
2016-01-21,2016.0,1.0,1.0,21.0,1573
2016-01-20,2016.0,1.0,1.0,20.0,1574
2011-10-07,2011.0,4.0,10.0,7.0,1575
2016-01-19,2016.0,1.0,1.0,19.0,1576
2016-01-18,2016.0,1.0,1.0,18.0,1577
2016-01-14,2016.0,1.0,1.0,14.0,1578
2016-01-13,2016.0,1.0,1.0,13.0,1579
2016-01-12,2016.0,1.0,1.0,12.0,1580
2015-12-29,2015.0,4.0,12.0,29.0,1581
2015-12-22,2015.0,4.0,12.0,22.0,1582
2015-12-17,2015.0,4.0,12.0,17.0,1583
2008-03-03,2008.0,1.0,3.0,3.0,1584
2013-12-06,2013.0,4.0,12.0,6.0,1585
2010-10-31,2010.0,4.0,10.0,31.0,1586
2009-10-23,2009.0,4.0,10.0,23.0,1587
2015-12-11,2015.0,4.0,12.0,11.0,1588
2015-12-09,2015.0,4.0,12.0,9.0,1589
2015-05-27,2015.0,2.0,5.0,27.0,1590
2007-10-10,2007.0,4.0,10.0,10.0,1591
2015-11-29,2015.0,4.0,11.0,29.0,1592
2015-11-26,2015.0,4.0,11.0,26.0,1593
2015-11-25,2015.0,4.0,11.0,25.0,1594
2008-12-31,2008.0,4.0,12.0,31.0,1595
2015-11-24,2015.0,4.0,11.0,24.0,1596
2015-11-19,2015.0,4.0,11.0,19.0,1597
2015-11-14,2015.0,4.0,11.0,14.0,1598
2015-11-13,2015.0,4.0,11.0,13.0,1599
2015-11-12,2015.0,4.0,11.0,12.0,1600
2015-11-11,2015.0,4.0,11.0,11.0,1601
2015-11-07,2015.0,4.0,11.0,7.0,1602
2015-06-05,2015.0,2.0,6.0,5.0,1603
2016-08-10,2016.0,3.0,8.0,10.0,1604
2015-10-30,2015.0,4.0,10.0,30.0,1605
2014-03-01,2014.0,1.0,3.0,1.0,1606
2014-02-16,2014.0,1.0,2.0,16.0,1607
2014-01-09,2014.0,1.0,1.0,9.0,1608
2015-10-13,2015.0,4.0,10.0,13.0,1609
2015-10-28,2015.0,4.0,10.0,28.0,1610
2015-10-27,2015.0,4.0,10.0,27.0,1611
2023-03-01,2023.0,1.0,3.0,1.0,1612
2015-10-17,2015.0,4.0,10.0,17.0,1613
2012-01-17,2012.0,1.0,1.0,17.0,1614
2015-10-16,2015.0,4.0,10.0,16.0,1615
2015-09-30,2015.0,3.0,9.0,30.0,1616
2015-06-08,2015.0,2.0,6.0,8.0,1617
2015-10-09,2015.0,4.0,10.0,9.0,1618
2015-10-06,2015.0,4.0,10.0,6.0,1619
2015-02-17,2015.0,1.0,2.0,17.0,1620
2015-09-29,2015.0,3.0,9.0,29.0,1621
2013-07-01,2013.0,3.0,7.0,1.0,1622
2016-03-11,2016.0,1.0,3.0,11.0,1623
2015-09-23,2015.0,3.0,9.0,23.0,1624
2014-07-30,2014.0,3.0,7.0,30.0,1625
2015-09-21,2015.0,3.0,9.0,21.0,1626
2015-09-18,2015.0,3.0,9.0,18.0,1627
2008-11-18,2008.0,4.0,11.0,18.0,1628
2015-09-07,2015.0,3.0,9.0,7.0,1629
2015-08-31,2015.0,3.0,8.0,31.0,1630
2012-11-13,2012.0,4.0,11.0,13.0,1631
2009-12-21,2009.0,4.0,12.0,21.0,1632
2017-04-26,2017.0,2.0,4.0,26.0,1633
2008-12-17,2008.0,4.0,12.0,17.0,1634
2008-04-01,2008.0,2.0,4.0,1.0,1635
2015-09-04,2015.0,3.0,9.0,4.0,1636
2015-09-03,2015.0,3.0,9.0,3.0,1637
2015-09-01,2015.0,3.0,9.0,1.0,1638
2009-08-20,2009.0,3.0,8.0,20.0,1639
2015-08-18,2015.0,3.0,8.0,18.0,1640
2015-08-24,2015.0,3.0,8.0,24.0,1641
2015-08-25,2015.0,3.0,8.0,25.0,1642
2015-06-09,2015.0,2.0,6.0,9.0,1643
2015-08-19,2015.0,3.0,8.0,19.0,1644
2015-08-21,2015.0,3.0,8.0,21.0,1645
2015-08-20,2015.0,3.0,8.0,20.0,1646
2015-08-16,2015.0,3.0,8.0,16.0,1647
2015-08-03,2015.0,3.0,8.0,3.0,1648
2015-08-09,2015.0,3.0,8.0,9.0,1649
2015-07-31,2015.0,3.0,7.0,31.0,1650
2015-08-04,2015.0,3.0,8.0,4.0,1651
2014-11-30,2014.0,4.0,11.0,30.0,1652
2008-12-01,2008.0,4.0,12.0,1.0,1653
2008-11-28,2008.0,4.0,11.0,28.0,1654
2008-11-26,2008.0,4.0,11.0,26.0,1655
2008-11-29,2008.0,4.0,11.0,29.0,1656
2008-11-24,2008.0,4.0,11.0,24.0,1657
2015-06-22,2015.0,2.0,6.0,22.0,1658
2015-07-28,2015.0,3.0,7.0,28.0,1659
2015-07-21,2015.0,3.0,7.0,21.0,1660
2015-01-09,2015.0,1.0,1.0,9.0,1661
2015-07-15,2015.0,3.0,7.0,15.0,1662
2015-07-08,2015.0,3.0,7.0,8.0,1663
2014-03-20,2014.0,1.0,3.0,20.0,1664
2014-10-04,2014.0,4.0,10.0,4.0,1665
2012-09-10,2012.0,3.0,9.0,10.0,1666
2015-07-06,2015.0,3.0,7.0,6.0,1667
2015-07-03,2015.0,3.0,7.0,3.0,1668
2012-12-20,2012.0,4.0,12.0,20.0,1669
2015-07-01,2015.0,3.0,7.0,1.0,1670
2015-07-02,2015.0,3.0,7.0,2.0,1671
2014-03-19,2014.0,1.0,3.0,19.0,1672
2015-06-21,2015.0,2.0,6.0,21.0,1673
2015-06-20,2015.0,2.0,6.0,20.0,1674
2015-06-18,2015.0,2.0,6.0,18.0,1675
2014-12-09,2014.0,4.0,12.0,9.0,1676
2013-02-10,2013.0,1.0,2.0,10.0,1677
2015-06-04,2015.0,2.0,6.0,4.0,1678
2015-06-02,2015.0,2.0,6.0,2.0,1679
2015-05-21,2015.0,2.0,5.0,21.0,1680
2013-09-24,2013.0,3.0,9.0,24.0,1681
2015-05-29,2015.0,2.0,5.0,29.0,1682
2015-05-14,2015.0,2.0,5.0,14.0,1683
2015-05-08,2015.0,2.0,5.0,8.0,1684
2015-09-28,2015.0,3.0,9.0,28.0,1685
2014-06-05,2014.0,2.0,6.0,5.0,1686
2015-04-21,2015.0,2.0,4.0,21.0,1687
2013-04-20,2013.0,2.0,4.0,20.0,1688
2015-04-11,2015.0,2.0,4.0,11.0,1689
2015-03-27,2015.0,1.0,3.0,27.0,1690
2015-03-26,2015.0,1.0,3.0,26.0,1691
2015-03-25,2015.0,1.0,3.0,25.0,1692
2009-07-16,2009.0,3.0,7.0,16.0,1693
2015-03-19,2015.0,1.0,3.0,19.0,1694
2013-10-23,2013.0,4.0,10.0,23.0,1695
2014-12-10,2014.0,4.0,12.0,10.0,1696
2015-03-11,2015.0,1.0,3.0,11.0,1697
2015-04-15,2015.0,2.0,4.0,15.0,1698
2015-02-06,2015.0,1.0,2.0,6.0,1699
2015-02-16,2015.0,1.0,2.0,16.0,1700
2014-11-20,2014.0,4.0,11.0,20.0,1701
2015-02-25,2015.0,1.0,2.0,25.0,1702
2015-02-09,2015.0,1.0,2.0,9.0,1703
2015-02-20,2015.0,1.0,2.0,20.0,1704
2015-02-18,2015.0,1.0,2.0,18.0,1705
2014-12-12,2014.0,4.0,12.0,12.0,1706
2008-10-08,2008.0,4.0,10.0,8.0,1707
2015-01-28,2015.0,1.0,1.0,28.0,1708
2015-02-11,2015.0,1.0,2.0,11.0,1709
2015-02-07,2015.0,1.0,2.0,7.0,1710
2014-09-08,2014.0,3.0,9.0,8.0,1711
2015-01-27,2015.0,1.0,1.0,27.0,1712
2015-01-21,2015.0,1.0,1.0,21.0,1713
2015-01-20,2015.0,1.0,1.0,20.0,1714
2015-01-15,2015.0,1.0,1.0,15.0,1715
2015-01-14,2015.0,1.0,1.0,14.0,1716
2015-01-13,2015.0,1.0,1.0,13.0,1717
2014-10-29,2014.0,4.0,10.0,29.0,1718
2008-10-01,2008.0,4.0,10.0,1.0,1719
2013-03-07,2013.0,1.0,3.0,7.0,1720
2006-06-16,2006.0,2.0,6.0,16.0,1721
2015-01-05,2015.0,1.0,1.0,5.0,1722
2014-12-11,2014.0,4.0,12.0,11.0,1723
2014-12-22,2014.0,4.0,12.0,22.0,1724
2014-12-18,2014.0,4.0,12.0,18.0,1725
2014-08-08,2014.0,3.0,8.0,8.0,1726
2014-06-19,2014.0,2.0,6.0,19.0,1727
2016-06-15,2016.0,2.0,6.0,15.0,1728
2016-02-06,2016.0,1.0,2.0,6.0,1729
2014-10-26,2014.0,4.0,10.0,26.0,1730
2014-12-01,2014.0,4.0,12.0,1.0,1731
2015-06-03,2015.0,2.0,6.0,3.0,1732
2014-11-29,2014.0,4.0,11.0,29.0,1733
2014-11-26,2014.0,4.0,11.0,26.0,1734
2015-07-20,2015.0,3.0,7.0,20.0,1735
2010-02-02,2010.0,1.0,2.0,2.0,1736
2010-10-05,2010.0,4.0,10.0,5.0,1737
2013-10-25,2013.0,4.0,10.0,25.0,1738
2014-11-24,2014.0,4.0,11.0,24.0,1739
2014-04-23,2014.0,2.0,4.0,23.0,1740
2014-04-18,2014.0,2.0,4.0,18.0,1741
2014-11-21,2014.0,4.0,11.0,21.0,1742
2014-02-21,2014.0,1.0,2.0,21.0,1743
2018-11-26,2018.0,4.0,11.0,26.0,1744
2005-11-04,2005.0,4.0,11.0,4.0,1745
2014-11-07,2014.0,4.0,11.0,7.0,1746
2014-07-14,2014.0,3.0,7.0,14.0,1747
2008-12-02,2008.0,4.0,12.0,2.0,1748
2009-07-13,2009.0,3.0,7.0,13.0,1749
2009-11-06,2009.0,4.0,11.0,6.0,1750
2008-09-17,2008.0,3.0,9.0,17.0,1751
2008-12-04,2008.0,4.0,12.0,4.0,1752
2020-04-29,2020.0,2.0,4.0,29.0,1753
2011-07-27,2011.0,3.0,7.0,27.0,1754
2010-01-22,2010.0,1.0,1.0,22.0,1755
2008-12-14,2008.0,4.0,12.0,14.0,1756
2014-08-03,2014.0,3.0,8.0,3.0,1757
2009-04-22,2009.0,2.0,4.0,22.0,1758
2008-12-16,2008.0,4.0,12.0,16.0,1759
2014-09-10,2014.0,3.0,9.0,10.0,1760
2009-12-20,2009.0,4.0,12.0,20.0,1761
2014-06-17,2014.0,2.0,6.0,17.0,1762
2014-11-03,2014.0,4.0,11.0,3.0,1763
2014-10-31,2014.0,4.0,10.0,31.0,1764
2014-10-30,2014.0,4.0,10.0,30.0,1765
2014-10-24,2014.0,4.0,10.0,24.0,1766
2014-10-15,2014.0,4.0,10.0,15.0,1767
2014-10-14,2014.0,4.0,10.0,14.0,1768
2014-10-10,2014.0,4.0,10.0,10.0,1769
2014-09-25,2014.0,3.0,9.0,25.0,1770
2013-11-22,2013.0,4.0,11.0,22.0,1771
2012-09-27,2012.0,3.0,9.0,27.0,1772
2014-09-19,2014.0,3.0,9.0,19.0,1773
2008-08-25,2008.0,3.0,8.0,25.0,1774
2014-12-04,2014.0,4.0,12.0,4.0,1775
2014-10-05,2014.0,4.0,10.0,5.0,1776
2014-09-11,2014.0,3.0,9.0,11.0,1777
2014-09-05,2014.0,3.0,9.0,5.0,1778
2014-03-25,2014.0,1.0,3.0,25.0,1779
2016-03-24,2016.0,1.0,3.0,24.0,1780
2018-07-26,2018.0,3.0,7.0,26.0,1781
2014-08-29,2014.0,3.0,8.0,29.0,1782
2007-07-09,2007.0,3.0,7.0,9.0,1783
2004-04-01,2004.0,2.0,4.0,1.0,1784
2013-03-20,2013.0,1.0,3.0,20.0,1785
2015-04-25,2015.0,2.0,4.0,25.0,1786
2014-08-28,2014.0,3.0,8.0,28.0,1787
2014-01-25,2014.0,1.0,1.0,25.0,1788
2014-08-26,2014.0,3.0,8.0,26.0,1789
2014-08-19,2014.0,3.0,8.0,19.0,1790
2014-08-18,2014.0,3.0,8.0,18.0,1791
2014-08-14,2014.0,3.0,8.0,14.0,1792
2014-08-05,2014.0,3.0,8.0,5.0,1793
2014-08-07,2014.0,3.0,8.0,7.0,1794
2014-07-10,2014.0,3.0,7.0,10.0,1795
2014-07-11,2014.0,3.0,7.0,11.0,1796
2013-04-19,2013.0,2.0,4.0,19.0,1797
2014-07-03,2014.0,3.0,7.0,3.0,1798
2014-07-01,2014.0,3.0,7.0,1.0,1799
2012-04-02,2012.0,2.0,4.0,2.0,1800
2014-06-23,2014.0,2.0,6.0,23.0,1801
2014-02-20,2014.0,1.0,2.0,20.0,1802
2014-06-20,2014.0,2.0,6.0,20.0,1803
2022-03-17,2022.0,1.0,3.0,17.0,1804
2025-03-09,2025.0,1.0,3.0,9.0,1805
2025-02-23,2025.0,1.0,2.0,23.0,1806
2025-02-01,2025.0,1.0,2.0,1.0,1807
2017-10-13,2017.0,4.0,10.0,13.0,1808
2025-01-27,2025.0,1.0,1.0,27.0,1809
2025-02-16,2025.0,1.0,2.0,16.0,1810
2020-10-31,2020.0,4.0,10.0,31.0,1811
2020-04-13,2020.0,2.0,4.0,13.0,1812
2019-10-13,2019.0,4.0,10.0,13.0,1813
2025-01-25,2025.0,1.0,1.0,25.0,1814
2025-02-02,2025.0,1.0,2.0,2.0,1815
2019-10-23,2019.0,4.0,10.0,23.0,1816
2017-09-12,2017.0,3.0,9.0,12.0,1817
2024-11-24,2024.0,4.0,11.0,24.0,1818
2024-02-03,2024.0,1.0,2.0,3.0,1819
2021-12-02,2021.0,4.0,12.0,2.0,1820
2025-04-02,2025.0,2.0,4.0,2.0,1821
2024-11-03,2024.0,4.0,11.0,3.0,1822
2024-09-08,2024.0,3.0,9.0,8.0,1823
2025-03-30,2025.0,1.0,3.0,30.0,1824
2021-04-24,2021.0,2.0,4.0,24.0,1825
2024-07-14,2024.0,3.0,7.0,14.0,1826
2024-05-25,2024.0,2.0,5.0,25.0,1827
2024-06-06,2024.0,2.0,6.0,6.0,1828
2024-05-03,2024.0,2.0,5.0,3.0,1829
2024-04-14,2024.0,2.0,4.0,14.0,1830
2024-05-05,2024.0,2.0,5.0,5.0,1831
2024-03-24,2024.0,1.0,3.0,24.0,1832
2019-11-14,2019.0,4.0,11.0,14.0,1833
2025-02-22,2025.0,1.0,2.0,22.0,1834
2025-03-25,2025.0,1.0,3.0,25.0,1835
2016-09-10,2016.0,3.0,9.0,10.0,1836
2016-11-01,2016.0,4.0,11.0,1.0,1837
2019-05-24,2019.0,2.0,5.0,24.0,1838
2015-08-07,2015.0,3.0,8.0,7.0,1839
2023-01-18,2023.0,1.0,1.0,18.0,1840
2018-11-16,2018.0,4.0,11.0,16.0,1841
2025-01-26,2025.0,1.0,1.0,26.0,1842
2019-06-13,2019.0,2.0,6.0,13.0,1843
2022-05-09,2022.0,2.0,5.0,9.0,1844
2024-04-07,2024.0,2.0,4.0,7.0,1845
2020-01-06,2020.0,1.0,1.0,6.0,1846
2023-09-09,2023.0,3.0,9.0,9.0,1847
2020-08-11,2020.0,3.0,8.0,11.0,1848
2022-12-05,2022.0,4.0,12.0,5.0,1849
2020-05-11,2020.0,2.0,5.0,11.0,1850
2023-07-29,2023.0,3.0,7.0,29.0,1851
2018-07-10,2018.0,3.0,7.0,10.0,1852
2018-10-30,2018.0,4.0,10.0,30.0,1853
2022-12-20,2022.0,4.0,12.0,20.0,1854
2019-01-29,2019.0,1.0,1.0,29.0,1855
2020-09-26,2020.0,3.0,9.0,26.0,1856
2019-09-07,2019.0,3.0,9.0,7.0,1857
2021-12-15,2021.0,4.0,12.0,15.0,1858
2021-07-20,2021.0,3.0,7.0,20.0,1859
2024-06-01,2024.0,2.0,6.0,1.0,1860
2024-06-08,2024.0,2.0,6.0,8.0,1861
2017-09-28,2017.0,3.0,9.0,28.0,1862
2018-08-03,2018.0,3.0,8.0,3.0,1863
2025-03-18,2025.0,1.0,3.0,18.0,1864
2022-03-20,2022.0,1.0,3.0,20.0,1865
2021-01-07,2021.0,1.0,1.0,7.0,1866
2018-05-05,2018.0,2.0,5.0,5.0,1867
2022-07-06,2022.0,3.0,7.0,6.0,1868
2021-01-20,2021.0,1.0,1.0,20.0,1869
2018-02-25,2018.0,1.0,2.0,25.0,1870
2019-05-01,2019.0,2.0,5.0,1.0,1871
2019-04-26,2019.0,2.0,4.0,26.0,1872
2022-10-09,2022.0,4.0,10.0,9.0,1873
2022-03-01,2022.0,1.0,3.0,1.0,1874
2023-11-24,2023.0,4.0,11.0,24.0,1875
2017-04-01,2017.0,2.0,4.0,1.0,1876
2017-04-06,2017.0,2.0,4.0,6.0,1877
2021-08-27,2021.0,3.0,8.0,27.0,1878
2019-11-03,2019.0,4.0,11.0,3.0,1879
2021-01-11,2021.0,1.0,1.0,11.0,1880
2021-10-25,2021.0,4.0,10.0,25.0,1881
2020-11-20,2020.0,4.0,11.0,20.0,1882
2016-12-08,2016.0,4.0,12.0,8.0,1883
2023-11-12,2023.0,4.0,11.0,12.0,1884
2023-06-01,2023.0,2.0,6.0,1.0,1885
2024-05-26,2024.0,2.0,5.0,26.0,1886
2021-03-30,2021.0,1.0,3.0,30.0,1887
2023-02-04,2023.0,1.0,2.0,4.0,1888
2019-06-10,2019.0,2.0,6.0,10.0,1889
2022-04-11,2022.0,2.0,4.0,11.0,1890
2022-12-26,2022.0,4.0,12.0,26.0,1891
2017-11-07,2017.0,4.0,11.0,7.0,1892
2019-08-09,2019.0,3.0,8.0,9.0,1893
2023-12-02,2023.0,4.0,12.0,2.0,1894
2023-01-15,2023.0,1.0,1.0,15.0,1895
2017-03-21,2017.0,1.0,3.0,21.0,1896
2023-08-20,2023.0,3.0,8.0,20.0,1897
2020-07-04,2020.0,3.0,7.0,4.0,1898
2020-11-22,2020.0,4.0,11.0,22.0,1899
2023-10-08,2023.0,4.0,10.0,8.0,1900
2018-03-10,2018.0,1.0,3.0,10.0,1901
2019-09-01,2019.0,3.0,9.0,1.0,1902
2021-04-26,2021.0,2.0,4.0,26.0,1903
2018-04-05,2018.0,2.0,4.0,5.0,1904
2021-06-02,2021.0,2.0,6.0,2.0,1905
2021-03-22,2021.0,1.0,3.0,22.0,1906
2021-01-29,2021.0,1.0,1.0,29.0,1907
2020-11-13,2020.0,4.0,11.0,13.0,1908
2020-06-08,2020.0,2.0,6.0,8.0,1909
2020-04-23,2020.0,2.0,4.0,23.0,1910
2020-02-11,2020.0,1.0,2.0,11.0,1911
2020-01-23,2020.0,1.0,1.0,23.0,1912
2019-07-04,2019.0,3.0,7.0,4.0,1913
2019-05-08,2019.0,2.0,5.0,8.0,1914
2019-03-20,2019.0,1.0,3.0,20.0,1915
2018-09-09,2018.0,3.0,9.0,9.0,1916
2018-08-02,2018.0,3.0,8.0,2.0,1917
2018-04-10,2018.0,2.0,4.0,10.0,1918
2017-10-27,2017.0,4.0,10.0,27.0,1919
2017-07-10,2017.0,3.0,7.0,10.0,1920
2017-06-05,2017.0,2.0,6.0,5.0,1921
2014-05-30,2014.0,2.0,5.0,30.0,1922
2016-09-03,2016.0,3.0,9.0,3.0,1923
2016-02-18,2016.0,1.0,2.0,18.0,1924
2016-01-29,2016.0,1.0,1.0,29.0,1925
2013-06-28,2013.0,2.0,6.0,28.0,1926
2014-10-06,2014.0,4.0,10.0,6.0,1927
2014-08-11,2014.0,3.0,8.0,11.0,1928
2013-11-25,2013.0,4.0,11.0,25.0,1929
2012-04-12,2012.0,2.0,4.0,12.0,1930
2013-10-30,2013.0,4.0,10.0,30.0,1931
2012-09-05,2012.0,3.0,9.0,5.0,1932
2013-03-17,2013.0,1.0,3.0,17.0,1933
2013-03-03,2013.0,1.0,3.0,3.0,1934
2013-03-16,2013.0,1.0,3.0,16.0,1935
2013-01-14,2013.0,1.0,1.0,14.0,1936
2012-11-08,2012.0,4.0,11.0,8.0,1937
2012-10-26,2012.0,4.0,10.0,26.0,1938
2011-07-12,2011.0,3.0,7.0,12.0,1939
2012-07-18,2012.0,3.0,7.0,18.0,1940
2012-07-27,2012.0,3.0,7.0,27.0,1941
2012-06-12,2012.0,2.0,6.0,12.0,1942
2012-02-27,2012.0,1.0,2.0,27.0,1943
2011-03-07,2011.0,1.0,3.0,7.0,1944
2011-07-31,2011.0,3.0,7.0,31.0,1945
2011-01-06,2011.0,1.0,1.0,6.0,1946
2010-08-30,2010.0,3.0,8.0,30.0,1947
2009-07-01,2009.0,3.0,7.0,1.0,1948
2005-06-08,2005.0,2.0,6.0,8.0,1949
2011-01-22,2011.0,1.0,1.0,22.0,1950
2009-07-10,2009.0,3.0,7.0,10.0,1951
2009-03-30,2009.0,1.0,3.0,30.0,1952
2008-10-31,2008.0,4.0,10.0,31.0,1953
2001-10-01,2001.0,4.0,10.0,1.0,1954
2012-07-10,2012.0,3.0,7.0,10.0,1955
2008-01-11,2008.0,1.0,1.0,11.0,1956
2003-08-25,2003.0,3.0,8.0,25.0,1957
2010-08-14,2010.0,3.0,8.0,14.0,1958
2006-09-09,2006.0,3.0,9.0,9.0,1959
2007-12-03,2007.0,4.0,12.0,3.0,1960
2005-11-11,2005.0,4.0,11.0,11.0,1961
2005-11-10,2005.0,4.0,11.0,10.0,1962
2006-05-10,2006.0,2.0,5.0,10.0,1963
2024-02-10,2024.0,1.0,2.0,10.0,1964
2023-09-23,2023.0,3.0,9.0,23.0,1965
2023-02-03,2023.0,1.0,2.0,3.0,1966
2020-07-17,2020.0,3.0,7.0,17.0,1967
2022-06-17,2022.0,2.0,6.0,17.0,1968
2022-08-20,2022.0,3.0,8.0,20.0,1969
2020-12-10,2020.0,4.0,12.0,10.0,1970
2013-11-13,2013.0,4.0,11.0,13.0,1971
2020-07-29,2020.0,3.0,7.0,29.0,1972
2019-07-01,2019.0,3.0,7.0,1.0,1973
2019-10-03,2019.0,4.0,10.0,3.0,1974
2019-02-27,2019.0,1.0,2.0,27.0,1975
2019-03-04,2019.0,1.0,3.0,4.0,1976
2017-08-04,2017.0,3.0,8.0,4.0,1977
2016-12-05,2016.0,4.0,12.0,5.0,1978
2016-09-09,2016.0,3.0,9.0,9.0,1979
2015-01-03,2015.0,1.0,1.0,3.0,1980
2013-04-18,2013.0,2.0,4.0,18.0,1981
2010-02-20,2010.0,1.0,2.0,20.0,1982
2013-04-11,2013.0,2.0,4.0,11.0,1983
2013-02-07,2013.0,1.0,2.0,7.0,1984
2012-12-18,2012.0,4.0,12.0,18.0,1985
2012-07-17,2012.0,3.0,7.0,17.0,1986
2010-09-09,2010.0,3.0,9.0,9.0,1987
2010-08-25,2010.0,3.0,8.0,25.0,1988
2010-02-19,2010.0,1.0,2.0,19.0,1989
2009-07-15,2009.0,3.0,7.0,15.0,1990
2008-02-01,2008.0,1.0,2.0,1.0,1991
2019-11-02,2019.0,4.0,11.0,2.0,1992
2003-10-02,2003.0,4.0,10.0,2.0,1993
2008-08-11,2008.0,3.0,8.0,11.0,1994
2007-04-24,2007.0,2.0,4.0,24.0,1995
2007-04-07,2007.0,2.0,4.0,7.0,1996
2014-10-08,2014.0,4.0,10.0,8.0,1997
2004-10-04,2004.0,4.0,10.0,4.0,1998
2009-03-02,2009.0,1.0,3.0,2.0,1999
2001-10-02,2001.0,4.0,10.0,2.0,2000
2003-10-15,2003.0,4.0,10.0,15.0,2001
2022-06-05,2022.0,2.0,6.0,5.0,2002
2011-08-30,2011.0,3.0,8.0,30.0,2003
2016-04-21,2016.0,2.0,4.0,21.0,2004
2015-01-22,2015.0,1.0,1.0,22.0,2005
2014-06-06,2014.0,2.0,6.0,6.0,2006
2014-07-28,2014.0,3.0,7.0,28.0,2007
2014-10-09,2014.0,4.0,10.0,9.0,2008
2012-11-03,2012.0,4.0,11.0,3.0,2009
2012-11-24,2012.0,4.0,11.0,24.0,2010
2013-12-04,2013.0,4.0,12.0,4.0,2011
2014-09-18,2014.0,3.0,9.0,18.0,2012
2014-09-24,2014.0,3.0,9.0,24.0,2013
2009-06-20,2009.0,2.0,6.0,20.0,2014
2014-09-09,2014.0,3.0,9.0,9.0,2015
2014-08-25,2014.0,3.0,8.0,25.0,2016
2014-08-21,2014.0,3.0,8.0,21.0,2017
2014-02-22,2014.0,1.0,2.0,22.0,2018
2014-08-17,2014.0,3.0,8.0,17.0,2019
2010-10-27,2010.0,4.0,10.0,27.0,2020
2013-06-04,2013.0,2.0,6.0,4.0,2021
2013-05-11,2013.0,2.0,5.0,11.0,2022
2014-08-04,2014.0,3.0,8.0,4.0,2023
2014-04-28,2014.0,2.0,4.0,28.0,2024
2013-08-06,2013.0,3.0,8.0,6.0,2025
2014-05-01,2014.0,2.0,5.0,1.0,2026
2013-09-26,2013.0,3.0,9.0,26.0,2027
2014-04-07,2014.0,2.0,4.0,7.0,2028
2014-02-06,2014.0,1.0,2.0,6.0,2029
2013-03-31,2013.0,1.0,3.0,31.0,2030
2014-04-14,2014.0,2.0,4.0,14.0,2031
2014-05-25,2014.0,2.0,5.0,25.0,2032
2010-10-26,2010.0,4.0,10.0,26.0,2033
2014-08-01,2014.0,3.0,8.0,1.0,2034
2009-02-14,2009.0,1.0,2.0,14.0,2035
2013-12-28,2013.0,4.0,12.0,28.0,2036
2012-02-29,2012.0,1.0,2.0,29.0,2037
2014-01-31,2014.0,1.0,1.0,31.0,2038
2014-07-04,2014.0,3.0,7.0,4.0,2039
2013-02-05,2013.0,1.0,2.0,5.0,2040
2014-07-08,2014.0,3.0,7.0,8.0,2041
2014-05-24,2014.0,2.0,5.0,24.0,2042
2014-05-13,2014.0,2.0,5.0,13.0,2043
2014-06-01,2014.0,2.0,6.0,1.0,2044
2014-03-31,2014.0,1.0,3.0,31.0,2045
2014-05-31,2014.0,2.0,5.0,31.0,2046
2013-09-19,2013.0,3.0,9.0,19.0,2047
2013-09-15,2013.0,3.0,9.0,15.0,2048
2009-08-21,2009.0,3.0,8.0,21.0,2049
2014-05-16,2014.0,2.0,5.0,16.0,2050
2014-05-29,2014.0,2.0,5.0,29.0,2051
2014-05-26,2014.0,2.0,5.0,26.0,2052
2013-11-01,2013.0,4.0,11.0,1.0,2053
2014-05-23,2014.0,2.0,5.0,23.0,2054
2014-05-09,2014.0,2.0,5.0,9.0,2055
2014-04-30,2014.0,2.0,4.0,30.0,2056
2014-05-08,2014.0,2.0,5.0,8.0,2057
2013-11-09,2013.0,4.0,11.0,9.0,2058
2014-04-22,2014.0,2.0,4.0,22.0,2059
2014-04-17,2014.0,2.0,4.0,17.0,2060
2014-03-10,2014.0,1.0,3.0,10.0,2061
2013-07-18,2013.0,3.0,7.0,18.0,2062
2014-04-24,2014.0,2.0,4.0,24.0,2063
2011-04-23,2011.0,2.0,4.0,23.0,2064
2014-04-15,2014.0,2.0,4.0,15.0,2065
2013-06-21,2013.0,2.0,6.0,21.0,2066
2011-07-07,2011.0,3.0,7.0,7.0,2067
2012-01-01,2012.0,1.0,1.0,1.0,2068
2012-04-25,2012.0,2.0,4.0,25.0,2069
2014-02-07,2014.0,1.0,2.0,7.0,2070
2013-03-15,2013.0,1.0,3.0,15.0,2071
2014-04-11,2014.0,2.0,4.0,11.0,2072
2012-02-03,2012.0,1.0,2.0,3.0,2073
2014-04-10,2014.0,2.0,4.0,10.0,2074
2012-04-30,2012.0,2.0,4.0,30.0,2075
2014-01-02,2014.0,1.0,1.0,2.0,2076
2013-12-19,2013.0,4.0,12.0,19.0,2077
2014-04-01,2014.0,2.0,4.0,1.0,2078
2014-01-08,2014.0,1.0,1.0,8.0,2079
2010-03-31,2010.0,1.0,3.0,31.0,2080
2014-03-28,2014.0,1.0,3.0,28.0,2081
2014-03-26,2014.0,1.0,3.0,26.0,2082
2013-10-31,2013.0,4.0,10.0,31.0,2083
2013-11-08,2013.0,4.0,11.0,8.0,2084
2011-04-22,2011.0,2.0,4.0,22.0,2085
2014-01-29,2014.0,1.0,1.0,29.0,2086
2013-10-29,2013.0,4.0,10.0,29.0,2087
2011-11-12,2011.0,4.0,11.0,12.0,2088
2012-09-12,2012.0,3.0,9.0,12.0,2089
2010-06-10,2010.0,2.0,6.0,10.0,2090
2011-02-25,2011.0,1.0,2.0,25.0,2091
2011-07-06,2011.0,3.0,7.0,6.0,2092
2006-02-01,2006.0,1.0,2.0,1.0,2093
2012-06-24,2012.0,2.0,6.0,24.0,2094
2013-03-27,2013.0,1.0,3.0,27.0,2095
2014-02-05,2014.0,1.0,2.0,5.0,2096
2014-01-30,2014.0,1.0,1.0,30.0,2097
2014-01-03,2014.0,1.0,1.0,3.0,2098
2013-06-19,2013.0,2.0,6.0,19.0,2099
2014-01-10,2014.0,1.0,1.0,10.0,2100
2012-09-21,2012.0,3.0,9.0,21.0,2101
2014-01-13,2014.0,1.0,1.0,13.0,2102
2013-12-20,2013.0,4.0,12.0,20.0,2103
2013-06-29,2013.0,2.0,6.0,29.0,2104
2014-01-01,2014.0,1.0,1.0,1.0,2105
2013-05-21,2013.0,2.0,5.0,21.0,2106
2013-08-31,2013.0,3.0,8.0,31.0,2107
2013-12-26,2013.0,4.0,12.0,26.0,2108
2013-12-24,2013.0,4.0,12.0,24.0,2109
2013-10-12,2013.0,4.0,10.0,12.0,2110
2013-12-17,2013.0,4.0,12.0,17.0,2111
2013-11-29,2013.0,4.0,11.0,29.0,2112
2012-09-24,2012.0,3.0,9.0,24.0,2113
2012-12-12,2012.0,4.0,12.0,12.0,2114
2013-11-20,2013.0,4.0,11.0,20.0,2115
2013-10-18,2013.0,4.0,10.0,18.0,2116
2013-10-04,2013.0,4.0,10.0,4.0,2117
2013-11-15,2013.0,4.0,11.0,15.0,2118
2013-10-11,2013.0,4.0,10.0,11.0,2119
2013-10-15,2013.0,4.0,10.0,15.0,2120
2013-11-12,2013.0,4.0,11.0,12.0,2121
2013-11-16,2013.0,4.0,11.0,16.0,2122
2013-10-09,2013.0,4.0,10.0,9.0,2123
2013-09-27,2013.0,3.0,9.0,27.0,2124
2013-06-25,2013.0,2.0,6.0,25.0,2125
2012-03-15,2012.0,1.0,3.0,15.0,2126
2012-01-31,2012.0,1.0,1.0,31.0,2127
2012-01-16,2012.0,1.0,1.0,16.0,2128
2011-01-18,2011.0,1.0,1.0,18.0,2129
2010-11-22,2010.0,4.0,11.0,22.0,2130
2010-10-12,2010.0,4.0,10.0,12.0,2131
2009-05-05,2009.0,2.0,5.0,5.0,2132
2010-03-05,2010.0,1.0,3.0,5.0,2133
2013-11-07,2013.0,4.0,11.0,7.0,2134
2013-11-21,2013.0,4.0,11.0,21.0,2135
2012-02-23,2012.0,1.0,2.0,23.0,2136
2013-09-16,2013.0,3.0,9.0,16.0,2137
2013-11-04,2013.0,4.0,11.0,4.0,2138
2013-10-28,2013.0,4.0,10.0,28.0,2139
2012-02-24,2012.0,1.0,2.0,24.0,2140
2011-11-16,2011.0,4.0,11.0,16.0,2141
2014-06-14,2014.0,2.0,6.0,14.0,2142
2012-09-08,2012.0,3.0,9.0,8.0,2143
2013-10-24,2013.0,4.0,10.0,24.0,2144
2012-09-18,2012.0,3.0,9.0,18.0,2145
2011-05-10,2011.0,2.0,5.0,10.0,2146
2005-02-13,2005.0,1.0,2.0,13.0,2147
2012-04-27,2012.0,2.0,4.0,27.0,2148
2010-10-29,2010.0,4.0,10.0,29.0,2149
2013-09-06,2013.0,3.0,9.0,6.0,2150
2012-12-22,2012.0,4.0,12.0,22.0,2151
2012-02-10,2012.0,1.0,2.0,10.0,2152
2013-08-25,2013.0,3.0,8.0,25.0,2153
2012-01-19,2012.0,1.0,1.0,19.0,2154
2013-01-15,2013.0,1.0,1.0,15.0,2155
2013-10-20,2013.0,4.0,10.0,20.0,2156
2013-10-19,2013.0,4.0,10.0,19.0,2157
2013-11-11,2013.0,4.0,11.0,11.0,2158
2013-10-13,2013.0,4.0,10.0,13.0,2159
2009-04-05,2009.0,2.0,4.0,5.0,2160
2013-07-31,2013.0,3.0,7.0,31.0,2161
2013-06-10,2013.0,2.0,6.0,10.0,2162
2013-10-03,2013.0,4.0,10.0,3.0,2163
2013-07-26,2013.0,3.0,7.0,26.0,2164
2013-08-15,2013.0,3.0,8.0,15.0,2165
2009-02-28,2009.0,1.0,2.0,28.0,2166
2011-01-25,2011.0,1.0,1.0,25.0,2167
2013-08-02,2013.0,3.0,8.0,2.0,2168
2013-09-13,2013.0,3.0,9.0,13.0,2169
2022-11-04,2022.0,4.0,11.0,4.0,2170
2020-10-06,2020.0,4.0,10.0,6.0,2171
2020-07-23,2020.0,3.0,7.0,23.0,2172
2016-12-18,2016.0,4.0,12.0,18.0,2173
2017-05-17,2017.0,2.0,5.0,17.0,2174
2022-08-04,2022.0,3.0,8.0,4.0,2175
2020-12-23,2020.0,4.0,12.0,23.0,2176
2021-05-06,2021.0,2.0,5.0,6.0,2177
2020-11-30,2020.0,4.0,11.0,30.0,2178
2019-09-11,2019.0,3.0,9.0,11.0,2179
2017-08-27,2017.0,3.0,8.0,27.0,2180
2014-10-16,2014.0,4.0,10.0,16.0,2181
2022-07-31,2022.0,3.0,7.0,31.0,2182
2024-01-28,2024.0,1.0,1.0,28.0,2183
2021-09-25,2021.0,3.0,9.0,25.0,2184
2015-09-26,2015.0,3.0,9.0,26.0,2185
2017-06-22,2017.0,2.0,6.0,22.0,2186
2019-10-16,2019.0,4.0,10.0,16.0,2187
2018-10-28,2018.0,4.0,10.0,28.0,2188
2019-09-03,2019.0,3.0,9.0,3.0,2189
2021-12-17,2021.0,4.0,12.0,17.0,2190
2021-03-05,2021.0,1.0,3.0,5.0,2191
2022-09-16,2022.0,3.0,9.0,16.0,2192
2019-01-22,2019.0,1.0,1.0,22.0,2193
2024-02-12,2024.0,1.0,2.0,12.0,2194
2023-04-04,2023.0,2.0,4.0,4.0,2195
2022-11-05,2022.0,4.0,11.0,5.0,2196
2020-08-03,2020.0,3.0,8.0,3.0,2197
2019-09-18,2019.0,3.0,9.0,18.0,2198
2022-06-27,2022.0,2.0,6.0,27.0,2199
2024-01-27,2024.0,1.0,1.0,27.0,2200
2023-12-10,2023.0,4.0,12.0,10.0,2201
2019-01-09,2019.0,1.0,1.0,9.0,2202
2025-03-20,2025.0,1.0,3.0,20.0,2203
2025-03-21,2025.0,1.0,3.0,21.0,2204
2021-05-07,2021.0,2.0,5.0,7.0,2205
2022-11-24,2022.0,4.0,11.0,24.0,2206
2015-12-08,2015.0,4.0,12.0,8.0,2207
2023-04-23,2023.0,2.0,4.0,23.0,2208
2022-05-31,2022.0,2.0,5.0,31.0,2209
2019-10-09,2019.0,4.0,10.0,9.0,2210
2020-08-25,2020.0,3.0,8.0,25.0,2211
2018-10-04,2018.0,4.0,10.0,4.0,2212
2021-11-19,2021.0,4.0,11.0,19.0,2213
2024-02-11,2024.0,1.0,2.0,11.0,2214
